Country;Indicator;Sub-Indicator;Inequality;OBS_VALUE;Observation Value;OBS_STATUS;Observation Status;UNIT_MEASURE;Unit of Measures;UNIT_MULT;Multiplier;BASE_PER;Base reference period
Australia;Enviroment;Air pollution;;6.7;;A;;MICRO_M3;Micrograms per cubic metre;0;Units;;
Canada;Enviroment;Air pollution;;7.1;;A;;MICRO_M3;Micrograms per cubic metre;0;Units;;
Denmark;Enviroment;Air pollution;;10.0;;A;;MICRO_M3;Micrograms per cubic metre;0;Units;;
Norway;Enviroment;Air pollution;;6.7;;A;;MICRO_M3;Micrograms per cubic metre;0;Units;;
Latvia;Enviroment;Air pollution;;12.7;;A;;MICRO_M3;Micrograms per cubic metre;0;Units;;
OECD - Total;Enviroment;Air pollution;;14.0;;A;;MICRO_M3;Micrograms per cubic metre;0;Units;;
Finland;Housing;Dwellings without basic facilities;;0.4;;A;;PC;Percentage;0;Units;;
Germany;Housing;Dwellings without basic facilities;;0.1;;A;;PC;Percentage;0;Units;;
Ireland;Housing;Dwellings without basic facilities;;0.2;;A;;PC;Percentage;0;Units;;
Italy;Housing;Dwellings without basic facilities;;0.6;;A;;PC;Percentage;0;Units;;
United Kingdom;Housing;Dwellings without basic facilities;;0.5;;A;;PC;Percentage;0;Units;;
United States;Housing;Dwellings without basic facilities;;0.1;;A;;PC;Percentage;0;Units;;
Chile;Housing;Dwellings without basic facilities;;9.4;;A;;PC;Percentage;0;Units;;
Latvia;Housing;Dwellings without basic facilities;;11.2;;A;;PC;Percentage;0;Units;;
Canada;Housing;Dwellings without basic facilities;;0.2;;A;;PC;Percentage;0;Units;;
New Zealand;Education;Educational attainment;;81.0;;A;;PC;Percentage;0;Units;;
Portugal;Education;Educational attainment;;55.0;;A;;PC;Percentage;0;Units;;
Türkiye;Education;Educational attainment;;42.0;;A;;PC;Percentage;0;Units;;
Brazil;Education;Educational attainment;;57.0;;A;;PC;Percentage;0;Units;;
Latvia;Education;Educational attainment;;89.0;;A;;PC;Percentage;0;Units;;
Belgium;Education;Educational attainment;;78.0;;A;;PC;Percentage;0;Units;;
Hungary;Education;Educational attainment;;87.0;;A;;PC;Percentage;0;Units;;
Iceland;Education;Educational attainment;;74.0;;A;;PC;Percentage;0;Units;;
Korea;Education;Educational attainment;;92.0;;A;;PC;Percentage;0;Units;;
Portugal;Education;Educational attainment;;52.0;;A;;PC;Percentage;0;Units;;
Spain;Education;Educational attainment;;60.0;;A;;PC;Percentage;0;Units;;
Chile;Education;Educational attainment;;67.0;;A;;PC;Percentage;0;Units;;
Latvia;Education;Educational attainment;;86.0;;A;;PC;Percentage;0;Units;;
Australia;Education;Educational attainment;;84.0;;A;;PC;Percentage;0;Units;;
Austria;Education;Educational attainment;;83.0;;A;;PC;Percentage;0;Units;;
Finland;Education;Educational attainment;;94.0;;A;;PC;Percentage;0;Units;;
Korea;Education;Educational attainment;;87.0;;A;;PC;Percentage;0;Units;;
Mexico;Education;Educational attainment;;41.0;;A;;PC;Percentage;0;Units;;
Türkiye;Education;Educational attainment;;38.0;;A;;PC;Percentage;0;Units;;
Israel;Education;Educational attainment;;89.0;;A;;PC;Percentage;0;Units;;
Slovenia;Education;Educational attainment;;89.0;;A;;PC;Percentage;0;Units;;
Colombia;Education;Educational attainment;;59.0;;A;;PC;Percentage;0;Units;;
Lithuania;Education;Educational attainment;;91.0;;A;;PC;Percentage;0;Units;;
Costa Rica;Education;Educational attainment;;41.0;;A;;PC;Percentage;0;Units;;
Australia;Work-Life Balance;Employees working very long hours;;12.5;;A;;PC;Percentage;0;Units;;
Hungary;Work-Life Balance;Employees working very long hours;;1.5;;A;;PC;Percentage;0;Units;;
Sweden;Work-Life Balance;Employees working very long hours;;0.9;;A;;PC;Percentage;0;Units;;
Israel;Work-Life Balance;Employees working very long hours;;14.1;;A;;PC;Percentage;0;Units;;
Latvia;Work-Life Balance;Employees working very long hours;;1.6;;A;;PC;Percentage;0;Units;;
South Africa;Work-Life Balance;Employees working very long hours;;15.4;;A;;PC;Percentage;0;Units;;
Austria;Work-Life Balance;Employees working very long hours;;8.1;;A;;PC;Percentage;0;Units;;
Canada;Work-Life Balance;Employees working very long hours;;5.3;;A;;PC;Percentage;0;Units;;
Denmark;Work-Life Balance;Employees working very long hours;;2.1;;A;;PC;Percentage;0;Units;;
Finland;Work-Life Balance;Employees working very long hours;;5.2;;A;;PC;Percentage;0;Units;;
Germany;Work-Life Balance;Employees working very long hours;;5.7;;A;;PC;Percentage;0;Units;;
Ireland;Work-Life Balance;Employees working very long hours;;7.8;;A;;PC;Percentage;0;Units;;
United States;Work-Life Balance;Employees working very long hours;;13.9;;A;;PC;Percentage;0;Units;;
South Africa;Work-Life Balance;Employees working very long hours;;19.7;;A;;PC;Percentage;0;Units;;
France;Work-Life Balance;Employees working very long hours;;5.2;;A;;PC;Percentage;0;Units;;
Luxembourg;Work-Life Balance;Employees working very long hours;;2.0;;A;;PC;Percentage;0;Units;;
Norway;Work-Life Balance;Employees working very long hours;;0.6;;A;;PC;Percentage;0;Units;;
Switzerland;Work-Life Balance;Employees working very long hours;;0.3;;A;;PC;Percentage;0;Units;;
Costa Rica;Work-Life Balance;Employees working very long hours;;12.7;;A;;PC;Percentage;0;Units;;
South Africa;Jobs;Employment rate;;39.0;;A;;PC;Percentage;0;Units;;
Austria;Jobs;Employment rate;;76.0;;A;;PC;Percentage;0;Units;;
Czechia;Jobs;Employment rate;;81.0;;A;;PC;Percentage;0;Units;;
Denmark;Jobs;Employment rate;;77.0;;A;;PC;Percentage;0;Units;;
Finland;Jobs;Employment rate;;74.0;;A;;PC;Percentage;0;Units;;
Greece;Jobs;Employment rate;;65.0;;A;;PC;Percentage;0;Units;;
Ireland;Jobs;Employment rate;;73.0;;A;;PC;Percentage;0;Units;;
South Africa;Jobs;Employment rate;;44.0;;A;;PC;Percentage;0;Units;;
Austria;Jobs;Employment rate;;68.0;;A;;PC;Percentage;0;Units;;
Belgium;Jobs;Employment rate;;61.0;;A;;PC;Percentage;0;Units;;
Iceland;Jobs;Employment rate;;75.0;;A;;PC;Percentage;0;Units;;
Japan;Jobs;Employment rate;;71.0;;A;;PC;Percentage;0;Units;;
Korea;Jobs;Employment rate;;57.0;;A;;PC;Percentage;0;Units;;
Mexico;Jobs;Employment rate;;45.0;;A;;PC;Percentage;0;Units;;
Norway;Jobs;Employment rate;;73.0;;A;;PC;Percentage;0;Units;;
Portugal;Jobs;Employment rate;;67.0;;A;;PC;Percentage;0;Units;;
United States;Jobs;Employment rate;;62.0;;A;;PC;Percentage;0;Units;;
Costa Rica;Jobs;Employment rate;;55.0;;A;;PC;Percentage;0;Units;;
Australia;Safety;Feeling safe walking alone at night;;54.0;;A;;PC;Percentage;0;Units;;
Austria;Safety;Feeling safe walking alone at night;;86.0;;A;;PC;Percentage;0;Units;;
Greece;Safety;Feeling safe walking alone at night;;69.0;;A;;PC;Percentage;0;Units;;
Iceland;Safety;Feeling safe walking alone at night;;85.0;;A;;PC;Percentage;0;Units;;
Türkiye;Safety;Feeling safe walking alone at night;;59.0;;A;;PC;Percentage;0;Units;;
Brazil;Safety;Feeling safe walking alone at night;;45.0;;A;;PC;Percentage;0;Units;;
Estonia;Safety;Feeling safe walking alone at night;;79.0;;A;;PC;Percentage;0;Units;;
Russia;Safety;Feeling safe walking alone at night;;64.0;;A;;PC;Percentage;0;Units;;
OECD - Total;Safety;Feeling safe walking alone at night;;74.0;;A;;PC;Percentage;0;Units;;
Austria;Safety;Feeling safe walking alone at night;;89.0;;A;;PC;Percentage;0;Units;;
Canada;Safety;Feeling safe walking alone at night;;88.0;;A;;PC;Percentage;0;Units;;
Finland;Safety;Feeling safe walking alone at night;;96.0;;A;;PC;Percentage;0;Units;;
France;Safety;Feeling safe walking alone at night;;78.0;;A;;PC;Percentage;0;Units;;
Greece;Safety;Feeling safe walking alone at night;;79.0;;A;;PC;Percentage;0;Units;;
Hungary;Safety;Feeling safe walking alone at night;;83.0;;A;;PC;Percentage;0;Units;;
Ireland;Safety;Feeling safe walking alone at night;;86.0;;A;;PC;Percentage;0;Units;;
Spain;Safety;Feeling safe walking alone at night;;86.0;;A;;PC;Percentage;0;Units;;
Sweden;Safety;Feeling safe walking alone at night;;90.0;;A;;PC;Percentage;0;Units;;
Türkiye;Safety;Feeling safe walking alone at night;;72.0;;A;;PC;Percentage;0;Units;;
Latvia;Safety;Feeling safe walking alone at night;;87.0;;A;;PC;Percentage;0;Units;;
Denmark;Safety;Feeling safe walking alone at night;;77.0;;A;;PC;Percentage;0;Units;;
New Zealand;Safety;Feeling safe walking alone at night;;53.0;;A;;PC;Percentage;0;Units;;
Poland;Safety;Feeling safe walking alone at night;;63.0;;A;;PC;Percentage;0;Units;;
United States;Safety;Feeling safe walking alone at night;;69.0;;A;;PC;Percentage;0;Units;;
South Africa;Safety;Feeling safe walking alone at night;;35.0;;A;;PC;Percentage;0;Units;;
Lithuania;Safety;Feeling safe walking alone at night;;62.0;;A;;PC;Percentage;0;Units;;
Colombia;Safety;Feeling safe walking alone at night;;54.0;;A;;PC;Percentage;0;Units;;
Costa Rica;Safety;Feeling safe walking alone at night;;36.0;;A;;PC;Percentage;0;Units;;
Colombia;Safety;Feeling safe walking alone at night;;45.0;;A;;PC;Percentage;0;Units;;
Finland;Safety;Homicide rate;;0.7;;A;;RATIO;Ratio;0;Units;;
Denmark;Safety;Homicide rate;;0.5;;A;;RATIO;Ratio;0;Units;;
Korea;Safety;Homicide rate;;0.8;;A;;RATIO;Ratio;0;Units;;
New Zealand;Safety;Homicide rate;;1.3;;A;;RATIO;Ratio;0;Units;;
Norway;Safety;Homicide rate;;0.6;;A;;RATIO;Ratio;0;Units;;
Chile;Safety;Homicide rate;;2.4;;A;;RATIO;Ratio;0;Units;;
Latvia;Safety;Homicide rate;;3.7;;A;;RATIO;Ratio;0;Units;;
Russia;Safety;Homicide rate;;4.8;;A;;RATIO;Ratio;0;Units;;
OECD - Total;Safety;Homicide rate;;2.6;;A;;RATIO;Ratio;0;Units;;
Canada;Safety;Homicide rate;;1.8;;A;;RATIO;Ratio;0;Units;;
Greece;Safety;Homicide rate;;1.6;;A;;RATIO;Ratio;0;Units;;
Hungary;Safety;Homicide rate;;1.1;;A;;RATIO;Ratio;0;Units;;
New Zealand;Safety;Homicide rate;;1.6;;A;;RATIO;Ratio;0;Units;;
Norway;Safety;Homicide rate;;0.7;;A;;RATIO;Ratio;0;Units;;
Portugal;Safety;Homicide rate;;1.0;;A;;RATIO;Ratio;0;Units;;
Türkiye;Safety;Homicide rate;;1.5;;A;;RATIO;Ratio;0;Units;;
United Kingdom;Safety;Homicide rate;;0.2;;A;;RATIO;Ratio;0;Units;;
United States;Safety;Homicide rate;;9.5;;A;;RATIO;Ratio;0;Units;;
Estonia;Safety;Homicide rate;;3.1;;A;;RATIO;Ratio;0;Units;;
Russia;Safety;Homicide rate;;7.7;;A;;RATIO;Ratio;0;Units;;
OECD - Total;Safety;Homicide rate;;4.4;;A;;RATIO;Ratio;0;Units;;
Austria;Safety;Homicide rate;;0.5;;A;;RATIO;Ratio;0;Units;;
Czechia;Safety;Homicide rate;;0.6;;A;;RATIO;Ratio;0;Units;;
Greece;Safety;Homicide rate;;0.4;;A;;RATIO;Ratio;0;Units;;
Japan;Safety;Homicide rate;;0.2;;A;;RATIO;Ratio;0;Units;;
Korea;Safety;Homicide rate;;0.7;;A;;RATIO;Ratio;0;Units;;
Mexico;Safety;Homicide rate;;5.5;;A;;RATIO;Ratio;0;Units;;
Netherlands;Safety;Homicide rate;;0.4;;A;;RATIO;Ratio;0;Units;;
Sweden;Safety;Homicide rate;;0.5;;A;;RATIO;Ratio;0;Units;;
Brazil;Safety;Homicide rate;;3.3;;A;;RATIO;Ratio;0;Units;;
Latvia;Safety;Homicide rate;;1.9;;A;;RATIO;Ratio;0;Units;;
South Africa;Safety;Homicide rate;;3.6;;A;;RATIO;Ratio;0;Units;;
Colombia;Safety;Homicide rate;;4.1;;A;;RATIO;Ratio;0;Units;;
Lithuania;Safety;Homicide rate;;1.0;;A;;RATIO;Ratio;0;Units;;
Czechia;Income;Household net adjusted disposable income;;26664.0;;A;;USD;US Dollar;0;Units;;
Finland;Income;Household net adjusted disposable income;;33471.0;;A;;USD;US Dollar;0;Units;;
Greece;Income;Household net adjusted disposable income;;20791.0;;A;;USD;US Dollar;0;Units;;
Hungary;Income;Household net adjusted disposable income;;21026.0;;A;;USD;US Dollar;0;Units;;
Italy;Income;Household net adjusted disposable income;;29431.0;;A;;USD;US Dollar;0;Units;;
Japan;Income;Household net adjusted disposable income;;28872.0;;A;;USD;US Dollar;0;Units;;
Korea;Income;Household net adjusted disposable income;;24590.0;;A;;USD;US Dollar;0;Units;;
Spain;Income;Household net adjusted disposable income;;27155.0;;A;;USD;US Dollar;0;Units;;
Lithuania;Income;Household net adjusted disposable income;;26976.0;;A;;USD;US Dollar;0;Units;;
Finland;Income;Household net wealth;;230032.0;;A;;USD;US Dollar;0;Units;;
Korea;Income;Household net wealth;;362340.0;;A;;USD;US Dollar;0;Units;;
Luxembourg;Income;Household net wealth;;941162.0;;A;;USD;US Dollar;0;Units;;
Netherlands;Income;Household net wealth;;248599.0;;A;;USD;US Dollar;0;Units;;
OECD - Total;Income;Household net wealth;;323960.0;;A;;USD;US Dollar;0;Units;;
Belgium;Housing;Housing expenditure;;20.0;;A;;PC;Percentage;0;Units;;
Denmark;Housing;Housing expenditure;;23.3;;A;;PC;Percentage;0;Units;;
France;Housing;Housing expenditure;;20.7;;A;;PC;Percentage;0;Units;;
Hungary;Housing;Housing expenditure;;19.9;;A;;PC;Percentage;0;Units;;
Ireland;Housing;Housing expenditure;;20.6;;A;;PC;Percentage;0;Units;;
Netherlands;Housing;Housing expenditure;;19.6;;A;;PC;Percentage;0;Units;;
Slovak Republic;Housing;Housing expenditure;;27.4;;A;;PC;Percentage;0;Units;;
Switzerland;Housing;Housing expenditure;;21.4;;A;;PC;Percentage;0;Units;;
Russia;Housing;Housing expenditure;;17.4;;A;;PC;Percentage;0;Units;;
OECD - Total;Housing;Housing expenditure;;20.5;;A;;PC;Percentage;0;Units;;
Mexico;Jobs;Labour market insecurity;;4.0;;A;;PC;Percentage;0;Units;;
Portugal;Jobs;Labour market insecurity;;8.1;;A;;PC;Percentage;0;Units;;
Türkiye;Jobs;Labour market insecurity;;13.0;;A;;PC;Percentage;0;Units;;
Slovenia;Jobs;Labour market insecurity;;5.9;;A;;PC;Percentage;0;Units;;
Canada;Health;Life expectancy;;82.1;;A;;YR;Years;0;Units;;
Hungary;Health;Life expectancy;;76.4;;A;;YR;Years;0;Units;;
Korea;Health;Life expectancy;;83.3;;A;;YR;Years;0;Units;;
Poland;Health;Life expectancy;;78.0;;A;;YR;Years;0;Units;;
United Kingdom;Health;Life expectancy;;81.3;;A;;YR;Years;0;Units;;
United States;Health;Life expectancy;;78.9;;A;;YR;Years;0;Units;;
Chile;Health;Life expectancy;;80.6;;A;;YR;Years;0;Units;;
Canada;Health;Life expectancy;;80.0;;A;;YR;Years;0;Units;;
Finland;Health;Life expectancy;;79.3;;A;;YR;Years;0;Units;;
Japan;Health;Life expectancy;;81.4;;A;;YR;Years;0;Units;;
Norway;Health;Life expectancy;;81.3;;A;;YR;Years;0;Units;;
Slovak Republic;Health;Life expectancy;;74.3;;A;;YR;Years;0;Units;;
United Kingdom;Health;Life expectancy;;79.4;;A;;YR;Years;0;Units;;
Israel;Health;Life expectancy;;81.0;;A;;YR;Years;0;Units;;
Russia;Health;Life expectancy;;68.2;;A;;YR;Years;0;Units;;
South Africa;Health;Life expectancy;;60.7;;A;;YR;Years;0;Units;;
Belgium;Health;Life expectancy;;84.3;;A;;YR;Years;0;Units;;
Canada;Health;Life expectancy;;84.2;;A;;YR;Years;0;Units;;
Iceland;Health;Life expectancy;;84.7;;A;;YR;Years;0;Units;;
Ireland;Health;Life expectancy;;84.7;;A;;YR;Years;0;Units;;
Korea;Health;Life expectancy;;86.3;;A;;YR;Years;0;Units;;
Slovak Republic;Health;Life expectancy;;81.2;;A;;YR;Years;0;Units;;
Spain;Health;Life expectancy;;86.7;;A;;YR;Years;0;Units;;
Sweden;Health;Life expectancy;;84.8;;A;;YR;Years;0;Units;;
Brazil;Health;Life expectancy;;79.6;;A;;YR;Years;0;Units;;
Chile;Health;Life expectancy;;83.4;;A;;YR;Years;0;Units;;
Estonia;Health;Life expectancy;;83.0;;A;;YR;Years;0;Units;;
Costa Rica;Health;Life expectancy;;80.5;;A;;YR;Years;0;Units;;
Costa Rica;Health;Life expectancy;;77.9;;A;;YR;Years;0;Units;;
Poland;Life Satisfaction;Life satisfaction;;6.1;;A;;AVSCORE;Average score;0;Units;;
United Kingdom;Life Satisfaction;Life satisfaction;;6.8;;A;;AVSCORE;Average score;0;Units;;
Australia;Life Satisfaction;Life satisfaction;;7.1;;A;;AVSCORE;Average score;0;Units;;
Austria;Life Satisfaction;Life satisfaction;;7.1;;A;;AVSCORE;Average score;0;Units;;
Denmark;Life Satisfaction;Life satisfaction;;7.4;;A;;AVSCORE;Average score;0;Units;;
Finland;Life Satisfaction;Life satisfaction;;7.7;;A;;AVSCORE;Average score;0;Units;;
Poland;Life Satisfaction;Life satisfaction;;6.3;;A;;AVSCORE;Average score;0;Units;;
Slovak Republic;Life Satisfaction;Life satisfaction;;6.5;;A;;AVSCORE;Average score;0;Units;;
Germany;Life Satisfaction;Life satisfaction;;7.3;;A;;AVSCORE;Average score;0;Units;;
Italy;Life Satisfaction;Life satisfaction;;6.5;;A;;AVSCORE;Average score;0;Units;;
Mexico;Life Satisfaction;Life satisfaction;;5.6;;A;;AVSCORE;Average score;0;Units;;
New Zealand;Life Satisfaction;Life satisfaction;;7.4;;A;;AVSCORE;Average score;0;Units;;
Norway;Life Satisfaction;Life satisfaction;;7.3;;A;;AVSCORE;Average score;0;Units;;
Portugal;Life Satisfaction;Life satisfaction;;5.6;;A;;AVSCORE;Average score;0;Units;;
Switzerland;Life Satisfaction;Life satisfaction;;7.5;;A;;AVSCORE;Average score;0;Units;;
Estonia;Life Satisfaction;Life satisfaction;;6.6;;A;;AVSCORE;Average score;0;Units;;
Belgium;Life Satisfaction;Life satisfaction;;7.2;;A;;AVSCORE;Average score;0;Units;;
Denmark;Life Satisfaction;Life satisfaction;;7.6;;A;;AVSCORE;Average score;0;Units;;
Japan;Life Satisfaction;Life satisfaction;;6.5;;A;;AVSCORE;Average score;0;Units;;
Spain;Life Satisfaction;Life satisfaction;;7.1;;A;;AVSCORE;Average score;0;Units;;
Sweden;Life Satisfaction;Life satisfaction;;7.6;;A;;AVSCORE;Average score;0;Units;;
Estonia;Life Satisfaction;Life satisfaction;;7.0;;A;;AVSCORE;Average score;0;Units;;
Latvia;Life Satisfaction;Life satisfaction;;6.6;;A;;AVSCORE;Average score;0;Units;;
Belgium;Life Satisfaction;Life satisfaction;;6.7;;A;;AVSCORE;Average score;0;Units;;
New Zealand;Life Satisfaction;Life satisfaction;;7.2;;A;;AVSCORE;Average score;0;Units;;
Poland;Life Satisfaction;Life satisfaction;;6.0;;A;;AVSCORE;Average score;0;Units;;
Sweden;Life Satisfaction;Life satisfaction;;7.2;;A;;AVSCORE;Average score;0;Units;;
Slovenia;Life Satisfaction;Life satisfaction;;6.5;;A;;AVSCORE;Average score;0;Units;;
Colombia;Life Satisfaction;Life satisfaction;;5.7;;A;;AVSCORE;Average score;0;Units;;
Costa Rica;Life Satisfaction;Life satisfaction;;7.1;;A;;AVSCORE;Average score;0;Units;;
Denmark;Jobs;Long-term unemployment rate;;0.9;;A;;PC;Percentage;0;Units;;
Iceland;Jobs;Long-term unemployment rate;;0.7;;A;;PC;Percentage;0;Units;;
Türkiye;Jobs;Long-term unemployment rate;;3.3;;A;;PC;Percentage;0;Units;;
Estonia;Jobs;Long-term unemployment rate;;1.2;;A;;PC;Percentage;0;Units;;
South Africa;Jobs;Long-term unemployment rate;;17.9;;A;;PC;Percentage;0;Units;;
Poland;Jobs;Long-term unemployment rate;;0.6;;A;;PC;Percentage;0;Units;;
Portugal;Jobs;Long-term unemployment rate;;2.2;;A;;PC;Percentage;0;Units;;
Finland;Jobs;Long-term unemployment rate;;1.1;;A;;PC;Percentage;0;Units;;
Germany;Jobs;Long-term unemployment rate;;1.0;;A;;PC;Percentage;0;Units;;
Italy;Jobs;Long-term unemployment rate;;5.3;;A;;PC;Percentage;0;Units;;
Korea;Jobs;Long-term unemployment rate;;0.0;;A;;PC;Percentage;0;Units;;
Netherlands;Jobs;Long-term unemployment rate;;1.0;;A;;PC;Percentage;0;Units;;
Poland;Jobs;Long-term unemployment rate;;0.7;;A;;PC;Percentage;0;Units;;
Spain;Jobs;Long-term unemployment rate;;6.1;;A;;PC;Percentage;0;Units;;
Switzerland;Jobs;Long-term unemployment rate;;1.8;;A;;PC;Percentage;0;Units;;
Estonia;Jobs;Long-term unemployment rate;;1.0;;A;;PC;Percentage;0;Units;;
Latvia;Jobs;Long-term unemployment rate;;1.7;;A;;PC;Percentage;0;Units;;
Russia;Jobs;Long-term unemployment rate;;1.1;;A;;PC;Percentage;0;Units;;
Costa Rica;Jobs;Long-term unemployment rate;;0.8;;A;;PC;Percentage;0;Units;;
Austria;Jobs;Personal earnings;;53132.0;;A;;USD;US Dollar;0;Units;;
Canada;Jobs;Personal earnings;;55342.0;;A;;USD;US Dollar;0;Units;;
Japan;Jobs;Personal earnings;;38515.0;;A;;USD;US Dollar;0;Units;;
Luxembourg;Jobs;Personal earnings;;65854.0;;A;;USD;US Dollar;0;Units;;
Mexico;Jobs;Personal earnings;;16230.0;;A;;USD;US Dollar;0;Units;;
Spain;Jobs;Personal earnings;;37922.0;;A;;USD;US Dollar;0;Units;;
Switzerland;Jobs;Personal earnings;;64824.0;;A;;USD;US Dollar;0;Units;;
United Kingdom;Jobs;Personal earnings;;47147.0;;A;;USD;US Dollar;0;Units;;
Latvia;Jobs;Personal earnings;;29876.0;;A;;USD;US Dollar;0;Units;;
Greece;Community;Quality of support network;;78.0;;A;;PC;Percentage;0;Units;;
Netherlands;Community;Quality of support network;;94.0;;A;;PC;Percentage;0;Units;;
Estonia;Community;Quality of support network;;95.0;;A;;PC;Percentage;0;Units;;
Latvia;Community;Quality of support network;;92.0;;A;;PC;Percentage;0;Units;;
Netherlands;Community;Quality of support network;;96.0;;A;;PC;Percentage;0;Units;;
OECD - Total;Community;Quality of support network;;90.0;;A;;PC;Percentage;0;Units;;
Denmark;Community;Quality of support network;;97.0;;A;;PC;Percentage;0;Units;;
Netherlands;Community;Quality of support network;;92.0;;A;;PC;Percentage;0;Units;;
Türkiye;Community;Quality of support network;;88.0;;A;;PC;Percentage;0;Units;;
Canada;Community;Quality of support network;;94.0;;A;;PC;Percentage;0;Units;;
Czechia;Community;Quality of support network;;99.0;;A;;PC;Percentage;0;Units;;
Hungary;Community;Quality of support network;;95.0;;A;;PC;Percentage;0;Units;;
New Zealand;Community;Quality of support network;;93.0;;A;;PC;Percentage;0;Units;;
Portugal;Community;Quality of support network;;95.0;;A;;PC;Percentage;0;Units;;
Switzerland;Community;Quality of support network;;95.0;;A;;PC;Percentage;0;Units;;
Brazil;Community;Quality of support network;;90.0;;A;;PC;Percentage;0;Units;;
Israel;Community;Quality of support network;;96.0;;A;;PC;Percentage;0;Units;;
Netherlands;Community;Quality of support network;;93.0;;A;;PC;Percentage;0;Units;;
New Zealand;Community;Quality of support network;;96.0;;A;;PC;Percentage;0;Units;;
Switzerland;Community;Quality of support network;;94.0;;A;;PC;Percentage;0;Units;;
United Kingdom;Community;Quality of support network;;93.0;;A;;PC;Percentage;0;Units;;
Chile;Community;Quality of support network;;88.0;;A;;PC;Percentage;0;Units;;
Slovenia;Community;Quality of support network;;95.0;;A;;PC;Percentage;0;Units;;
Lithuania;Community;Quality of support network;;89.0;;A;;PC;Percentage;0;Units;;
Colombia;Community;Quality of support network;;80.0;;A;;PC;Percentage;0;Units;;
Korea;Housing;Rooms per person;;1.5;;A;;RATIO;Ratio;0;Units;;
Mexico;Housing;Rooms per person;;1.1;;A;;RATIO;Ratio;0;Units;;
Poland;Housing;Rooms per person;;1.1;;A;;RATIO;Ratio;0;Units;;
Sweden;Housing;Rooms per person;;1.7;;A;;RATIO;Ratio;0;Units;;
Switzerland;Housing;Rooms per person;;1.9;;A;;RATIO;Ratio;0;Units;;
Estonia;Housing;Rooms per person;;1.7;;A;;RATIO;Ratio;0;Units;;
Russia;Housing;Rooms per person;;1.0;;A;;RATIO;Ratio;0;Units;;
Slovenia;Housing;Rooms per person;;1.6;;A;;RATIO;Ratio;0;Units;;
OECD - Total;Housing;Rooms per person;;1.7;;A;;RATIO;Ratio;0;Units;;
Belgium;Health;Self-reported health;;74.0;;A;;PC;Percentage;0;Units;;
Denmark;Health;Self-reported health;;70.0;;A;;PC;Percentage;0;Units;;
Italy;Health;Self-reported health;;73.0;;A;;PC;Percentage;0;Units;;
Portugal;Health;Self-reported health;;50.0;;A;;PC;Percentage;0;Units;;
Spain;Health;Self-reported health;;75.0;;A;;PC;Percentage;0;Units;;
United Kingdom;Health;Self-reported health;;73.0;;A;;PC;Percentage;0;Units;;
Chile;Health;Self-reported health;;60.0;;A;;PC;Percentage;0;Units;;
Israel;Health;Self-reported health;;74.0;;A;;PC;Percentage;0;Units;;
Slovenia;Health;Self-reported health;;67.0;;A;;PC;Percentage;0;Units;;
Austria;Health;Self-reported health;;72.0;;A;;PC;Percentage;0;Units;;
Belgium;Health;Self-reported health;;76.0;;A;;PC;Percentage;0;Units;;
Italy;Health;Self-reported health;;76.0;;A;;PC;Percentage;0;Units;;
Chile;Health;Self-reported health;;64.0;;A;;PC;Percentage;0;Units;;
Slovenia;Health;Self-reported health;;70.0;;A;;PC;Percentage;0;Units;;
Austria;Health;Self-reported health;;71.0;;A;;PC;Percentage;0;Units;;
Hungary;Health;Self-reported health;;55.0;;A;;PC;Percentage;0;Units;;
Netherlands;Health;Self-reported health;;73.0;;A;;PC;Percentage;0;Units;;
New Zealand;Health;Self-reported health;;85.0;;A;;PC;Percentage;0;Units;;
Portugal;Health;Self-reported health;;45.0;;A;;PC;Percentage;0;Units;;
Australia;Health;Self-reported health;;93.0;;A;;PC;Percentage;0;Units;;
Denmark;Health;Self-reported health;;82.0;;A;;PC;Percentage;0;Units;;
Hungary;Health;Self-reported health;;72.0;;A;;PC;Percentage;0;Units;;
Japan;Health;Self-reported health;;42.0;;A;;PC;Percentage;0;Units;;
Norway;Health;Self-reported health;;83.0;;A;;PC;Percentage;0;Units;;
Slovak Republic;Health;Self-reported health;;78.0;;A;;PC;Percentage;0;Units;;
Türkiye;Health;Self-reported health;;74.0;;A;;PC;Percentage;0;Units;;
United States;Health;Self-reported health;;95.0;;A;;PC;Percentage;0;Units;;
OECD - Total;Health;Self-reported health;;79.0;;A;;PC;Percentage;0;Units;;
Czechia;Health;Self-reported health;;40.0;;A;;PC;Percentage;0;Units;;
Finland;Health;Self-reported health;;54.0;;A;;PC;Percentage;0;Units;;
Hungary;Health;Self-reported health;;47.0;;A;;PC;Percentage;0;Units;;
New Zealand;Health;Self-reported health;;82.0;;A;;PC;Percentage;0;Units;;
Norway;Health;Self-reported health;;67.0;;A;;PC;Percentage;0;Units;;
Poland;Health;Self-reported health;;49.0;;A;;PC;Percentage;0;Units;;
Portugal;Health;Self-reported health;;38.0;;A;;PC;Percentage;0;Units;;
Chile;Health;Self-reported health;;52.0;;A;;PC;Percentage;0;Units;;
Latvia;Health;Self-reported health;;25.0;;A;;PC;Percentage;0;Units;;
Colombia;Health;Self-reported health;;80.0;;A;;PC;Percentage;0;Units;;
Lithuania;Health;Self-reported health;;46.0;;A;;PC;Percentage;0;Units;;
Lithuania;Health;Self-reported health;;42.0;;A;;PC;Percentage;0;Units;;
Colombia;Health;Self-reported health;;84.0;;A;;PC;Percentage;0;Units;;
Lithuania;Health;Self-reported health;;67.0;;A;;PC;Percentage;0;Units;;
Costa Rica;Health;Self-reported health;;73.0;;A;;PC;Percentage;0;Units;;
Denmark;Civic Engagement;Stakeholder engagement for developing regulations;;2.0;;A;;AVSCORE;Average score;0;Units;;
Poland;Civic Engagement;Stakeholder engagement for developing regulations;;2.6;;A;;AVSCORE;Average score;0;Units;;
Slovak Republic;Civic Engagement;Stakeholder engagement for developing regulations;;3.0;;A;;AVSCORE;Average score;0;Units;;
Spain;Civic Engagement;Stakeholder engagement for developing regulations;;1.8;;A;;AVSCORE;Average score;0;Units;;
Chile;Civic Engagement;Stakeholder engagement for developing regulations;;1.3;;A;;AVSCORE;Average score;0;Units;;
Israel;Civic Engagement;Stakeholder engagement for developing regulations;;2.5;;A;;AVSCORE;Average score;0;Units;;
Latvia;Civic Engagement;Stakeholder engagement for developing regulations;;2.2;;A;;AVSCORE;Average score;0;Units;;
Costa Rica;Civic Engagement;Stakeholder engagement for developing regulations;;1.8;;A;;AVSCORE;Average score;0;Units;;
Latvia;Education;Student skills;;487.0;;A;;AVSCORE;Average score;0;Units;;
Belgium;Education;Student skills;;500.0;;A;;AVSCORE;Average score;0;Units;;
Germany;Education;Student skills;;500.0;;A;;AVSCORE;Average score;0;Units;;
Mexico;Education;Student skills;;416.0;;A;;AVSCORE;Average score;0;Units;;
Norway;Education;Student skills;;497.0;;A;;AVSCORE;Average score;0;Units;;
Slovak Republic;Education;Student skills;;469.0;;A;;AVSCORE;Average score;0;Units;;
Sweden;Education;Student skills;;503.0;;A;;AVSCORE;Average score;0;Units;;
Switzerland;Education;Student skills;;498.0;;A;;AVSCORE;Average score;0;Units;;
Türkiye;Education;Student skills;;462.0;;A;;AVSCORE;Average score;0;Units;;
Chile;Education;Student skills;;438.0;;A;;AVSCORE;Average score;0;Units;;
Japan;Education;Student skills;;519.0;;A;;AVSCORE;Average score;0;Units;;
Korea;Education;Student skills;;517.0;;A;;AVSCORE;Average score;0;Units;;
Netherlands;Education;Student skills;;497.0;;A;;AVSCORE;Average score;0;Units;;
Poland;Education;Student skills;;508.0;;A;;AVSCORE;Average score;0;Units;;
Latvia;Education;Student skills;;482.0;;A;;AVSCORE;Average score;0;Units;;
OECD - Total;Education;Student skills;;485.0;;A;;AVSCORE;Average score;0;Units;;
Austria;Education;Student skills;;493.0;;A;;AVSCORE;Average score;0;Units;;
Belgium;Education;Student skills;;501.0;;A;;AVSCORE;Average score;0;Units;;
Czechia;Education;Student skills;;501.0;;A;;AVSCORE;Average score;0;Units;;
Germany;Education;Student skills;;504.0;;A;;AVSCORE;Average score;0;Units;;
Greece;Education;Student skills;;462.0;;A;;AVSCORE;Average score;0;Units;;
Netherlands;Education;Student skills;;508.0;;A;;AVSCORE;Average score;0;Units;;
Russia;Education;Student skills;;485.0;;A;;AVSCORE;Average score;0;Units;;
OECD - Total;Education;Student skills;;491.0;;A;;AVSCORE;Average score;0;Units;;
Australia;Education;Student skills;;549.0;;A;;AVSCORE;Average score;0;Units;;
Austria;Education;Student skills;;533.0;;A;;AVSCORE;Average score;0;Units;;
Belgium;Education;Student skills;;550.0;;A;;AVSCORE;Average score;0;Units;;
Canada;Education;Student skills;;553.0;;A;;AVSCORE;Average score;0;Units;;
Germany;Education;Student skills;;564.0;;A;;AVSCORE;Average score;0;Units;;
Brazil;Education;Student skills;;470.0;;A;;AVSCORE;Average score;0;Units;;
Estonia;Education;Student skills;;558.0;;A;;AVSCORE;Average score;0;Units;;
OECD - Total;Education;Student skills;;534.0;;A;;AVSCORE;Average score;0;Units;;
Finland;Education;Student skills;;483.0;;A;;AVSCORE;Average score;0;Units;;
France;Education;Student skills;;443.0;;A;;AVSCORE;Average score;0;Units;;
Greece;Education;Student skills;;417.0;;A;;AVSCORE;Average score;0;Units;;
Hungary;Education;Student skills;;420.0;;A;;AVSCORE;Average score;0;Units;;
Japan;Education;Student skills;;465.0;;A;;AVSCORE;Average score;0;Units;;
New Zealand;Education;Student skills;;462.0;;A;;AVSCORE;Average score;0;Units;;
Norway;Education;Student skills;;459.0;;A;;AVSCORE;Average score;0;Units;;
Poland;Education;Student skills;;469.0;;A;;AVSCORE;Average score;0;Units;;
Switzerland;Education;Student skills;;435.0;;A;;AVSCORE;Average score;0;Units;;
United Kingdom;Education;Student skills;;471.0;;A;;AVSCORE;Average score;0;Units;;
United States;Education;Student skills;;460.0;;A;;AVSCORE;Average score;0;Units;;
OECD - Total;Education;Student skills;;445.0;;A;;AVSCORE;Average score;0;Units;;
Colombia;Education;Student skills;;406.0;;A;;AVSCORE;Average score;0;Units;;
Lithuania;Education;Student skills;;432.0;;A;;AVSCORE;Average score;0;Units;;
Costa Rica;Education;Student skills;;413.0;;A;;AVSCORE;Average score;0;Units;;
Costa Rica;Education;Student skills;;476.0;;A;;AVSCORE;Average score;0;Units;;
Costa Rica;Education;Student skills;;392.0;;A;;AVSCORE;Average score;0;Units;;
Canada;Work-Life Balance;Time devoted to leisure and personal care;;14.57;;A;;HOUR;Hours;0;Units;;
Greece;Work-Life Balance;Time devoted to leisure and personal care;;15.03;;A;;HOUR;Hours;0;Units;;
Ireland;Work-Life Balance;Time devoted to leisure and personal care;;14.54;;A;;HOUR;Hours;0;Units;;
Italy;Work-Life Balance;Time devoted to leisure and personal care;;16.47;;A;;HOUR;Hours;0;Units;;
New Zealand;Work-Life Balance;Time devoted to leisure and personal care;;14.87;;A;;HOUR;Hours;0;Units;;
United Kingdom;Work-Life Balance;Time devoted to leisure and personal care;;14.94;;A;;HOUR;Hours;0;Units;;
Estonia;Work-Life Balance;Time devoted to leisure and personal care;;14.98;;A;;HOUR;Hours;0;Units;;
OECD - Total;Work-Life Balance;Time devoted to leisure and personal care;;15.07;;A;;HOUR;Hours;0;Units;;
Belgium;Work-Life Balance;Time devoted to leisure and personal care;;15.6;;A;;HOUR;Hours;0;Units;;
France;Work-Life Balance;Time devoted to leisure and personal care;;16.4;;A;;HOUR;Hours;0;Units;;
United States;Work-Life Balance;Time devoted to leisure and personal care;;14.8;;A;;HOUR;Hours;0;Units;;
Netherlands;Work-Life Balance;Time devoted to leisure and personal care;;15.67;;A;;HOUR;Hours;0;Units;;
OECD - Total;Work-Life Balance;Time devoted to leisure and personal care;;14.84;;A;;HOUR;Hours;0;Units;;
Canada;Civic Engagement;Voter turnout;;68.0;;A;;PC;Percentage;0;Units;;
Italy;Civic Engagement;Voter turnout;;73.0;;A;;PC;Percentage;0;Units;;
Japan;Civic Engagement;Voter turnout;;53.0;;A;;PC;Percentage;0;Units;;
Norway;Civic Engagement;Voter turnout;;78.0;;A;;PC;Percentage;0;Units;;
Portugal;Civic Engagement;Voter turnout;;49.0;;A;;PC;Percentage;0;Units;;
Spain;Civic Engagement;Voter turnout;;72.0;;A;;PC;Percentage;0;Units;;
Estonia;Civic Engagement;Voter turnout;;64.0;;A;;PC;Percentage;0;Units;;
Israel;Civic Engagement;Voter turnout;;67.0;;A;;PC;Percentage;0;Units;;
Russia;Civic Engagement;Voter turnout;;68.0;;A;;PC;Percentage;0;Units;;
Colombia;Civic Engagement;Voter turnout;;53.0;;A;;PC;Percentage;0;Units;;
Czechia;Enviroment;Water quality;;89.0;;A;;PC;Percentage;0;Units;;
Japan;Enviroment;Water quality;;87.0;;A;;PC;Percentage;0;Units;;
Korea;Enviroment;Water quality;;82.0;;A;;PC;Percentage;0;Units;;
Mexico;Enviroment;Water quality;;75.0;;A;;PC;Percentage;0;Units;;
Netherlands;Enviroment;Water quality;;91.0;;A;;PC;Percentage;0;Units;;
Türkiye;Enviroment;Water quality;;62.0;;A;;PC;Percentage;0;Units;;
Australia;Enviroment;Water quality;;93.0;;A;;PC;Percentage;0;Units;;
Finland;Enviroment;Water quality;;96.0;;A;;PC;Percentage;0;Units;;
Greece;Enviroment;Water quality;;69.0;;A;;PC;Percentage;0;Units;;
Japan;Enviroment;Water quality;;89.0;;A;;PC;Percentage;0;Units;;
New Zealand;Enviroment;Water quality;;85.0;;A;;PC;Percentage;0;Units;;
Poland;Enviroment;Water quality;;83.0;;A;;PC;Percentage;0;Units;;
Sweden;Enviroment;Water quality;;98.0;;A;;PC;Percentage;0;Units;;
Latvia;Enviroment;Water quality;;84.0;;A;;PC;Percentage;0;Units;;
Russia;Enviroment;Water quality;;64.0;;A;;PC;Percentage;0;Units;;
Belgium;Enviroment;Water quality;;77.0;;A;;PC;Percentage;0;Units;;
Hungary;Enviroment;Water quality;;79.0;;A;;PC;Percentage;0;Units;;
Korea;Enviroment;Water quality;;84.0;;A;;PC;Percentage;0;Units;;
Netherlands;Enviroment;Water quality;;88.0;;A;;PC;Percentage;0;Units;;
Portugal;Enviroment;Water quality;;88.0;;A;;PC;Percentage;0;Units;;
United States;Enviroment;Water quality;;86.0;;A;;PC;Percentage;0;Units;;
Slovenia;Enviroment;Water quality;;90.0;;A;;PC;Percentage;0;Units;;
OECD - Total;Enviroment;Water quality;;84.0;;A;;PC;Percentage;0;Units;;
Colombia;Enviroment;Water quality;;82.0;;A;;PC;Percentage;0;Units;;
Costa Rica;Enviroment;Water quality;;87.0;;A;;PC;Percentage;0;Units;;
Costa Rica;Enviroment;Water quality;;90.0;;A;;PC;Percentage;0;Units;;
Australia;Education;Years in education;;20.0;;A;;YR;Years;0;Units;;
Iceland;Education;Years in education;;18.0;;A;;YR;Years;0;Units;;
Italy;Education;Years in education;;16.0;;A;;YR;Years;0;Units;;
Korea;Education;Years in education;;18.0;;A;;YR;Years;0;Units;;
Norway;Education;Years in education;;18.0;;A;;YR;Years;0;Units;;
United Kingdom;Education;Years in education;;16.0;;A;;YR;Years;0;Units;;
United States;Education;Years in education;;17.0;;A;;YR;Years;0;Units;;
Estonia;Education;Years in education;;17.0;;A;;YR;Years;0;Units;;
Russia;Education;Years in education;;16.0;;A;;YR;Years;0;Units;;
Canada;Education;Years in education;;17.0;;A;;YR;Years;0;Units;;
Iceland;Education;Years in education;;20.0;;A;;YR;Years;0;Units;;
Ireland;Education;Years in education;;18.0;;A;;YR;Years;0;Units;;
Spain;Education;Years in education;;18.0;;A;;YR;Years;0;Units;;
Russia;Education;Years in education;;17.0;;A;;YR;Years;0;Units;;
Belgium;Enviroment;Air pollution;;12.8;;A;;MICRO_M3;Micrograms per cubic metre;0;Units;;
Ireland;Enviroment;Air pollution;;7.8;;A;;MICRO_M3;Micrograms per cubic metre;0;Units;;
Mexico;Enviroment;Air pollution;;20.3;;A;;MICRO_M3;Micrograms per cubic metre;0;Units;;
New Zealand;Enviroment;Air pollution;;6.0;;A;;MICRO_M3;Micrograms per cubic metre;0;Units;;
Poland;Enviroment;Air pollution;;22.8;;A;;MICRO_M3;Micrograms per cubic metre;0;Units;;
Slovak Republic;Enviroment;Air pollution;;18.5;;A;;MICRO_M3;Micrograms per cubic metre;0;Units;;
Spain;Enviroment;Air pollution;;10.0;;A;;MICRO_M3;Micrograms per cubic metre;0;Units;;
Israel;Enviroment;Air pollution;;19.7;;A;;MICRO_M3;Micrograms per cubic metre;0;Units;;
Costa Rica;Enviroment;Air pollution;;17.5;;A;;MICRO_M3;Micrograms per cubic metre;0;Units;;
Czechia;Housing;Dwellings without basic facilities;;0.5;;A;;PC;Percentage;0;Units;;
Denmark;Housing;Dwellings without basic facilities;;0.5;;A;;PC;Percentage;0;Units;;
Hungary;Housing;Dwellings without basic facilities;;3.5;;A;;PC;Percentage;0;Units;;
Luxembourg;Housing;Dwellings without basic facilities;;0.1;;A;;PC;Percentage;0;Units;;
Norway;Housing;Dwellings without basic facilities;;0.0;;A;;PC;Percentage;0;Units;;
Slovak Republic;Housing;Dwellings without basic facilities;;1.5;;A;;PC;Percentage;0;Units;;
Spain;Housing;Dwellings without basic facilities;;0.3;;A;;PC;Percentage;0;Units;;
Switzerland;Housing;Dwellings without basic facilities;;0.0;;A;;PC;Percentage;0;Units;;
Brazil;Housing;Dwellings without basic facilities;;6.7;;A;;PC;Percentage;0;Units;;
Slovenia;Housing;Dwellings without basic facilities;;0.2;;A;;PC;Percentage;0;Units;;
Lithuania;Housing;Dwellings without basic facilities;;11.8;;A;;PC;Percentage;0;Units;;
Austria;Education;Educational attainment;;86.0;;A;;PC;Percentage;0;Units;;
Belgium;Education;Educational attainment;;80.0;;A;;PC;Percentage;0;Units;;
Canada;Education;Educational attainment;;92.0;;A;;PC;Percentage;0;Units;;
Finland;Education;Educational attainment;;91.0;;A;;PC;Percentage;0;Units;;
Spain;Education;Educational attainment;;63.0;;A;;PC;Percentage;0;Units;;
United Kingdom;Education;Educational attainment;;82.0;;A;;PC;Percentage;0;Units;;
Israel;Education;Educational attainment;;88.0;;A;;PC;Percentage;0;Units;;
Austria;Education;Educational attainment;;88.0;;A;;PC;Percentage;0;Units;;
Canada;Education;Educational attainment;;91.0;;A;;PC;Percentage;0;Units;;
Czechia;Education;Educational attainment;;95.0;;A;;PC;Percentage;0;Units;;
Greece;Education;Educational attainment;;75.0;;A;;PC;Percentage;0;Units;;
Poland;Education;Educational attainment;;93.0;;A;;PC;Percentage;0;Units;;
United Kingdom;Education;Educational attainment;;81.0;;A;;PC;Percentage;0;Units;;
Brazil;Education;Educational attainment;;53.0;;A;;PC;Percentage;0;Units;;
Russia;Education;Educational attainment;;94.0;;A;;PC;Percentage;0;Units;;
Belgium;Education;Educational attainment;;81.0;;A;;PC;Percentage;0;Units;;
Denmark;Education;Educational attainment;;83.0;;A;;PC;Percentage;0;Units;;
France;Education;Educational attainment;;82.0;;A;;PC;Percentage;0;Units;;
Germany;Education;Educational attainment;;86.0;;A;;PC;Percentage;0;Units;;
Greece;Education;Educational attainment;;78.0;;A;;PC;Percentage;0;Units;;
Norway;Education;Educational attainment;;83.0;;A;;PC;Percentage;0;Units;;
Portugal;Education;Educational attainment;;59.0;;A;;PC;Percentage;0;Units;;
Spain;Education;Educational attainment;;66.0;;A;;PC;Percentage;0;Units;;
Switzerland;Education;Educational attainment;;88.0;;A;;PC;Percentage;0;Units;;
Brazil;Education;Educational attainment;;60.0;;A;;PC;Percentage;0;Units;;
Estonia;Education;Educational attainment;;94.0;;A;;PC;Percentage;0;Units;;
Iceland;Work-Life Balance;Employees working very long hours;;11.7;;A;;PC;Percentage;0;Units;;
Poland;Work-Life Balance;Employees working very long hours;;4.2;;A;;PC;Percentage;0;Units;;
Portugal;Work-Life Balance;Employees working very long hours;;5.6;;A;;PC;Percentage;0;Units;;
United Kingdom;Work-Life Balance;Employees working very long hours;;10.8;;A;;PC;Percentage;0;Units;;
United States;Work-Life Balance;Employees working very long hours;;10.4;;A;;PC;Percentage;0;Units;;
OECD - Total;Work-Life Balance;Employees working very long hours;;10.2;;A;;PC;Percentage;0;Units;;
Belgium;Work-Life Balance;Employees working very long hours;;5.8;;A;;PC;Percentage;0;Units;;
Czechia;Work-Life Balance;Employees working very long hours;;6.7;;A;;PC;Percentage;0;Units;;
Hungary;Work-Life Balance;Employees working very long hours;;2.0;;A;;PC;Percentage;0;Units;;
New Zealand;Work-Life Balance;Employees working very long hours;;19.3;;A;;PC;Percentage;0;Units;;
Spain;Work-Life Balance;Employees working very long hours;;3.5;;A;;PC;Percentage;0;Units;;
Switzerland;Work-Life Balance;Employees working very long hours;;0.4;;A;;PC;Percentage;0;Units;;
Brazil;Work-Life Balance;Employees working very long hours;;7.3;;A;;PC;Percentage;0;Units;;
Chile;Work-Life Balance;Employees working very long hours;;9.6;;A;;PC;Percentage;0;Units;;
Estonia;Work-Life Balance;Employees working very long hours;;3.0;;A;;PC;Percentage;0;Units;;
Belgium;Work-Life Balance;Employees working very long hours;;2.6;;A;;PC;Percentage;0;Units;;
Canada;Work-Life Balance;Employees working very long hours;;1.2;;A;;PC;Percentage;0;Units;;
Czechia;Work-Life Balance;Employees working very long hours;;2.0;;A;;PC;Percentage;0;Units;;
Italy;Work-Life Balance;Employees working very long hours;;2.2;;A;;PC;Percentage;0;Units;;
New Zealand;Work-Life Balance;Employees working very long hours;;8.6;;A;;PC;Percentage;0;Units;;
Portugal;Work-Life Balance;Employees working very long hours;;3.3;;A;;PC;Percentage;0;Units;;
Spain;Work-Life Balance;Employees working very long hours;;1.4;;A;;PC;Percentage;0;Units;;
United States;Work-Life Balance;Employees working very long hours;;6.6;;A;;PC;Percentage;0;Units;;
Estonia;Work-Life Balance;Employees working very long hours;;1.4;;A;;PC;Percentage;0;Units;;
Israel;Work-Life Balance;Employees working very long hours;;6.8;;A;;PC;Percentage;0;Units;;
Slovenia;Work-Life Balance;Employees working very long hours;;2.9;;A;;PC;Percentage;0;Units;;
OECD - Total;Work-Life Balance;Employees working very long hours;;6.0;;A;;PC;Percentage;0;Units;;
Lithuania;Work-Life Balance;Employees working very long hours;;0.8;;A;;PC;Percentage;0;Units;;
Austria;Jobs;Employment rate;;72.0;;A;;PC;Percentage;0;Units;;
Belgium;Jobs;Employment rate;;65.0;;A;;PC;Percentage;0;Units;;
Finland;Jobs;Employment rate;;72.0;;A;;PC;Percentage;0;Units;;
Italy;Jobs;Employment rate;;58.0;;A;;PC;Percentage;0;Units;;
Portugal;Jobs;Employment rate;;69.0;;A;;PC;Percentage;0;Units;;
Brazil;Jobs;Employment rate;;57.0;;A;;PC;Percentage;0;Units;;
Chile;Jobs;Employment rate;;56.0;;A;;PC;Percentage;0;Units;;
Russia;Jobs;Employment rate;;70.0;;A;;PC;Percentage;0;Units;;
Australia;Jobs;Employment rate;;77.0;;A;;PC;Percentage;0;Units;;
Germany;Jobs;Employment rate;;80.0;;A;;PC;Percentage;0;Units;;
Hungary;Jobs;Employment rate;;77.0;;A;;PC;Percentage;0;Units;;
Japan;Jobs;Employment rate;;84.0;;A;;PC;Percentage;0;Units;;
Mexico;Jobs;Employment rate;;76.0;;A;;PC;Percentage;0;Units;;
Türkiye;Jobs;Employment rate;;65.0;;A;;PC;Percentage;0;Units;;
United Kingdom;Jobs;Employment rate;;79.0;;A;;PC;Percentage;0;Units;;
Latvia;Jobs;Employment rate;;73.0;;A;;PC;Percentage;0;Units;;
Netherlands;Jobs;Employment rate;;74.0;;A;;PC;Percentage;0;Units;;
New Zealand;Jobs;Employment rate;;72.0;;A;;PC;Percentage;0;Units;;
Poland;Jobs;Employment rate;;61.0;;A;;PC;Percentage;0;Units;;
Slovak Republic;Jobs;Employment rate;;62.0;;A;;PC;Percentage;0;Units;;
Spain;Jobs;Employment rate;;57.0;;A;;PC;Percentage;0;Units;;
Sweden;Jobs;Employment rate;;74.0;;A;;PC;Percentage;0;Units;;
Switzerland;Jobs;Employment rate;;76.0;;A;;PC;Percentage;0;Units;;
Colombia;Jobs;Employment rate;;58.0;;A;;PC;Percentage;0;Units;;
Lithuania;Jobs;Employment rate;;72.0;;A;;PC;Percentage;0;Units;;
Colombia;Jobs;Employment rate;;45.0;;A;;PC;Percentage;0;Units;;
Costa Rica;Jobs;Employment rate;;41.0;;A;;PC;Percentage;0;Units;;
Belgium;Safety;Feeling safe walking alone at night;;56.0;;A;;PC;Percentage;0;Units;;
Denmark;Safety;Feeling safe walking alone at night;;85.0;;A;;PC;Percentage;0;Units;;
Germany;Safety;Feeling safe walking alone at night;;76.0;;A;;PC;Percentage;0;Units;;
Korea;Safety;Feeling safe walking alone at night;;82.0;;A;;PC;Percentage;0;Units;;
New Zealand;Safety;Feeling safe walking alone at night;;66.0;;A;;PC;Percentage;0;Units;;
Norway;Safety;Feeling safe walking alone at night;;93.0;;A;;PC;Percentage;0;Units;;
United States;Safety;Feeling safe walking alone at night;;78.0;;A;;PC;Percentage;0;Units;;
Israel;Safety;Feeling safe walking alone at night;;80.0;;A;;PC;Percentage;0;Units;;
Latvia;Safety;Feeling safe walking alone at night;;72.0;;A;;PC;Percentage;0;Units;;
Japan;Safety;Feeling safe walking alone at night;;85.0;;A;;PC;Percentage;0;Units;;
Mexico;Safety;Feeling safe walking alone at night;;54.0;;A;;PC;Percentage;0;Units;;
Portugal;Safety;Feeling safe walking alone at night;;92.0;;A;;PC;Percentage;0;Units;;
United Kingdom;Safety;Feeling safe walking alone at night;;80.0;;A;;PC;Percentage;0;Units;;
Brazil;Safety;Feeling safe walking alone at night;;55.0;;A;;PC;Percentage;0;Units;;
Israel;Safety;Feeling safe walking alone at night;;83.0;;A;;PC;Percentage;0;Units;;
Russia;Safety;Feeling safe walking alone at night;;74.0;;A;;PC;Percentage;0;Units;;
Belgium;Safety;Feeling safe walking alone at night;;47.0;;A;;PC;Percentage;0;Units;;
Greece;Safety;Feeling safe walking alone at night;;59.0;;A;;PC;Percentage;0;Units;;
Italy;Safety;Feeling safe walking alone at night;;67.0;;A;;PC;Percentage;0;Units;;
Korea;Safety;Feeling safe walking alone at night;;77.0;;A;;PC;Percentage;0;Units;;
Mexico;Safety;Feeling safe walking alone at night;;32.0;;A;;PC;Percentage;0;Units;;
Netherlands;Safety;Feeling safe walking alone at night;;72.0;;A;;PC;Percentage;0;Units;;
Portugal;Safety;Feeling safe walking alone at night;;75.0;;A;;PC;Percentage;0;Units;;
Sweden;Safety;Feeling safe walking alone at night;;68.0;;A;;PC;Percentage;0;Units;;
Brazil;Safety;Feeling safe walking alone at night;;34.0;;A;;PC;Percentage;0;Units;;
Latvia;Safety;Feeling safe walking alone at night;;61.0;;A;;PC;Percentage;0;Units;;
Czechia;Safety;Feeling safe walking alone at night;;77.0;;A;;PC;Percentage;0;Units;;
Lithuania;Safety;Feeling safe walking alone at night;;56.0;;A;;PC;Percentage;0;Units;;
Belgium;Safety;Homicide rate;;1.1;;A;;RATIO;Ratio;0;Units;;
France;Safety;Homicide rate;;0.4;;A;;RATIO;Ratio;0;Units;;
Slovak Republic;Safety;Homicide rate;;0.8;;A;;RATIO;Ratio;0;Units;;
Estonia;Safety;Homicide rate;;1.9;;A;;RATIO;Ratio;0;Units;;
Israel;Safety;Homicide rate;;1.5;;A;;RATIO;Ratio;0;Units;;
South Africa;Safety;Homicide rate;;13.7;;A;;RATIO;Ratio;0;Units;;
Switzerland;Safety;Homicide rate;;0.4;;A;;RATIO;Ratio;0;Units;;
Slovenia;Safety;Homicide rate;;0.5;;A;;RATIO;Ratio;0;Units;;
Belgium;Safety;Homicide rate;;0.8;;A;;RATIO;Ratio;0;Units;;
France;Safety;Homicide rate;;0.3;;A;;RATIO;Ratio;0;Units;;
Luxembourg;Safety;Homicide rate;;0.2;;A;;RATIO;Ratio;0;Units;;
Poland;Safety;Homicide rate;;0.3;;A;;RATIO;Ratio;0;Units;;
Portugal;Safety;Homicide rate;;0.4;;A;;RATIO;Ratio;0;Units;;
Spain;Safety;Homicide rate;;0.5;;A;;RATIO;Ratio;0;Units;;
United Kingdom;Safety;Homicide rate;;0.1;;A;;RATIO;Ratio;0;Units;;
United States;Safety;Homicide rate;;2.5;;A;;RATIO;Ratio;0;Units;;
Chile;Safety;Homicide rate;;0.7;;A;;RATIO;Ratio;0;Units;;
Israel;Safety;Homicide rate;;0.7;;A;;RATIO;Ratio;0;Units;;
Colombia;Safety;Homicide rate;;23.1;;A;;RATIO;Ratio;0;Units;;
Costa Rica;Safety;Homicide rate;;18.2;;A;;RATIO;Ratio;0;Units;;
Belgium;Income;Household net adjusted disposable income;;34884.0;;A;;USD;US Dollar;0;Units;;
Poland;Income;Household net adjusted disposable income;;23675.0;;A;;USD;US Dollar;0;Units;;
United Kingdom;Income;Household net adjusted disposable income;;33049.0;;A;;USD;US Dollar;0;Units;;
OECD - Total;Income;Household net adjusted disposable income;;30490.0;;A;;USD;US Dollar;0;Units;;
Belgium;Income;Household net wealth;;447607.0;;A;;USD;US Dollar;0;Units;;
Ireland;Income;Household net wealth;;370341.0;;A;;USD;US Dollar;0;Units;;
Japan;Income;Household net wealth;;294735.0;;A;;USD;US Dollar;0;Units;;
Chile;Income;Household net wealth;;135787.0;;A;;USD;US Dollar;0;Units;;
Estonia;Income;Household net wealth;;188627.0;;A;;USD;US Dollar;0;Units;;
Latvia;Income;Household net wealth;;79245.0;;A;;USD;US Dollar;0;Units;;
Lithuania;Income;Household net wealth;;182039.0;;A;;USD;US Dollar;0;Units;;
Japan;Housing;Housing expenditure;;21.8;;A;;PC;Percentage;0;Units;;
New Zealand;Housing;Housing expenditure;;25.0;;A;;PC;Percentage;0;Units;;
Poland;Housing;Housing expenditure;;21.2;;A;;PC;Percentage;0;Units;;
United Kingdom;Housing;Housing expenditure;;23.2;;A;;PC;Percentage;0;Units;;
Costa Rica;Housing;Housing expenditure;;17.0;;A;;PC;Percentage;0;Units;;
Greece;Jobs;Labour market insecurity;;21.7;;A;;PC;Percentage;0;Units;;
Iceland;Jobs;Labour market insecurity;;1.0;;A;;PC;Percentage;0;Units;;
Poland;Jobs;Labour market insecurity;;5.0;;A;;PC;Percentage;0;Units;;
Sweden;Jobs;Labour market insecurity;;4.4;;A;;PC;Percentage;0;Units;;
Estonia;Jobs;Labour market insecurity;;5.4;;A;;PC;Percentage;0;Units;;
Israel;Jobs;Labour market insecurity;;4.6;;A;;PC;Percentage;0;Units;;
Latvia;Jobs;Labour market insecurity;;6.3;;A;;PC;Percentage;0;Units;;
OECD - Total;Jobs;Labour market insecurity;;5.1;;A;;PC;Percentage;0;Units;;
Austria;Health;Life expectancy;;82.0;;A;;YR;Years;0;Units;;
Germany;Health;Life expectancy;;81.4;;A;;YR;Years;0;Units;;
Iceland;Health;Life expectancy;;83.2;;A;;YR;Years;0;Units;;
Ireland;Health;Life expectancy;;82.8;;A;;YR;Years;0;Units;;
Mexico;Health;Life expectancy;;75.1;;A;;YR;Years;0;Units;;
Spain;Health;Life expectancy;;83.9;;A;;YR;Years;0;Units;;
Brazil;Health;Life expectancy;;75.9;;A;;YR;Years;0;Units;;
Latvia;Health;Life expectancy;;75.5;;A;;YR;Years;0;Units;;
Australia;Health;Life expectancy;;80.9;;A;;YR;Years;0;Units;;
Belgium;Health;Life expectancy;;79.8;;A;;YR;Years;0;Units;;
New Zealand;Health;Life expectancy;;80.3;;A;;YR;Years;0;Units;;
Poland;Health;Life expectancy;;74.1;;A;;YR;Years;0;Units;;
Spain;Health;Life expectancy;;81.1;;A;;YR;Years;0;Units;;
Chile;Health;Life expectancy;;77.9;;A;;YR;Years;0;Units;;
Austria;Health;Life expectancy;;84.2;;A;;YR;Years;0;Units;;
France;Health;Life expectancy;;85.9;;A;;YR;Years;0;Units;;
Mexico;Health;Life expectancy;;78.0;;A;;YR;Years;0;Units;;
Türkiye;Health;Life expectancy;;81.3;;A;;YR;Years;0;Units;;
United Kingdom;Health;Life expectancy;;83.1;;A;;YR;Years;0;Units;;
Russia;Health;Life expectancy;;78.2;;A;;YR;Years;0;Units;;
Slovenia;Health;Life expectancy;;84.5;;A;;YR;Years;0;Units;;
South Africa;Health;Life expectancy;;67.7;;A;;YR;Years;0;Units;;
Colombia;Health;Life expectancy;;79.9;;A;;YR;Years;0;Units;;
Lithuania;Health;Life expectancy;;81.2;;A;;YR;Years;0;Units;;
Korea;Life Satisfaction;Life satisfaction;;5.8;;A;;AVSCORE;Average score;0;Units;;
France;Life Satisfaction;Life satisfaction;;6.8;;A;;AVSCORE;Average score;0;Units;;
Spain;Life Satisfaction;Life satisfaction;;6.4;;A;;AVSCORE;Average score;0;Units;;
Belgium;Life Satisfaction;Life satisfaction;;6.8;;A;;AVSCORE;Average score;0;Units;;
Iceland;Life Satisfaction;Life satisfaction;;7.7;;A;;AVSCORE;Average score;0;Units;;
South Africa;Life Satisfaction;Life satisfaction;;5.0;;A;;AVSCORE;Average score;0;Units;;
OECD - Total;Life Satisfaction;Life satisfaction;;6.7;;A;;AVSCORE;Average score;0;Units;;
Australia;Life Satisfaction;Life satisfaction;;7.4;;A;;AVSCORE;Average score;0;Units;;
Austria;Life Satisfaction;Life satisfaction;;7.6;;A;;AVSCORE;Average score;0;Units;;
Czechia;Life Satisfaction;Life satisfaction;;7.6;;A;;AVSCORE;Average score;0;Units;;
Germany;Life Satisfaction;Life satisfaction;;7.8;;A;;AVSCORE;Average score;0;Units;;
Hungary;Life Satisfaction;Life satisfaction;;6.9;;A;;AVSCORE;Average score;0;Units;;
Korea;Life Satisfaction;Life satisfaction;;6.3;;A;;AVSCORE;Average score;0;Units;;
Poland;Life Satisfaction;Life satisfaction;;6.6;;A;;AVSCORE;Average score;0;Units;;
Chile;Life Satisfaction;Life satisfaction;;6.9;;A;;AVSCORE;Average score;0;Units;;
Russia;Life Satisfaction;Life satisfaction;;5.9;;A;;AVSCORE;Average score;0;Units;;
OECD - Total;Life Satisfaction;Life satisfaction;;7.2;;A;;AVSCORE;Average score;0;Units;;
Australia;Life Satisfaction;Life satisfaction;;7.0;;A;;AVSCORE;Average score;0;Units;;
Finland;Life Satisfaction;Life satisfaction;;7.9;;A;;AVSCORE;Average score;0;Units;;
France;Life Satisfaction;Life satisfaction;;6.7;;A;;AVSCORE;Average score;0;Units;;
Ireland;Life Satisfaction;Life satisfaction;;7.0;;A;;AVSCORE;Average score;0;Units;;
Netherlands;Life Satisfaction;Life satisfaction;;7.4;;A;;AVSCORE;Average score;0;Units;;
Spain;Life Satisfaction;Life satisfaction;;6.7;;A;;AVSCORE;Average score;0;Units;;
Switzerland;Life Satisfaction;Life satisfaction;;7.4;;A;;AVSCORE;Average score;0;Units;;
Türkiye;Life Satisfaction;Life satisfaction;;4.8;;A;;AVSCORE;Average score;0;Units;;
Latvia;Life Satisfaction;Life satisfaction;;6.0;;A;;AVSCORE;Average score;0;Units;;
Lithuania;Life Satisfaction;Life satisfaction;;6.6;;A;;AVSCORE;Average score;0;Units;;
Canada;Jobs;Long-term unemployment rate;;0.5;;A;;PC;Percentage;0;Units;;
Greece;Jobs;Long-term unemployment rate;;10.8;;A;;PC;Percentage;0;Units;;
Luxembourg;Jobs;Long-term unemployment rate;;1.7;;A;;PC;Percentage;0;Units;;
Norway;Jobs;Long-term unemployment rate;;0.9;;A;;PC;Percentage;0;Units;;
Portugal;Jobs;Long-term unemployment rate;;2.3;;A;;PC;Percentage;0;Units;;
Spain;Jobs;Long-term unemployment rate;;5.0;;A;;PC;Percentage;0;Units;;
France;Jobs;Long-term unemployment rate;;3.0;;A;;PC;Percentage;0;Units;;
Italy;Jobs;Long-term unemployment rate;;4.4;;A;;PC;Percentage;0;Units;;
Luxembourg;Jobs;Long-term unemployment rate;;1.6;;A;;PC;Percentage;0;Units;;
Netherlands;Jobs;Long-term unemployment rate;;0.9;;A;;PC;Percentage;0;Units;;
United Kingdom;Jobs;Long-term unemployment rate;;1.1;;A;;PC;Percentage;0;Units;;
South Africa;Jobs;Long-term unemployment rate;;15.7;;A;;PC;Percentage;0;Units;;
Australia;Jobs;Long-term unemployment rate;;1.1;;A;;PC;Percentage;0;Units;;
Canada;Jobs;Long-term unemployment rate;;0.4;;A;;PC;Percentage;0;Units;;
Denmark;Jobs;Long-term unemployment rate;;1.2;;A;;PC;Percentage;0;Units;;
Greece;Jobs;Long-term unemployment rate;;13.4;;A;;PC;Percentage;0;Units;;
Hungary;Jobs;Long-term unemployment rate;;1.1;;A;;PC;Percentage;0;Units;;
Iceland;Jobs;Long-term unemployment rate;;0.5;;A;;PC;Percentage;0;Units;;
Japan;Jobs;Long-term unemployment rate;;0.5;;A;;PC;Percentage;0;Units;;
Luxembourg;Jobs;Long-term unemployment rate;;1.9;;A;;PC;Percentage;0;Units;;
Slovak Republic;Jobs;Long-term unemployment rate;;3.0;;A;;PC;Percentage;0;Units;;
South Africa;Jobs;Long-term unemployment rate;;20.8;;A;;PC;Percentage;0;Units;;
Colombia;Jobs;Long-term unemployment rate;;1.6;;A;;PC;Percentage;0;Units;;
Costa Rica;Jobs;Long-term unemployment rate;;1.5;;A;;PC;Percentage;0;Units;;
Finland;Jobs;Personal earnings;;46230.0;;A;;USD;US Dollar;0;Units;;
France;Jobs;Personal earnings;;45581.0;;A;;USD;US Dollar;0;Units;;
Germany;Jobs;Personal earnings;;53745.0;;A;;USD;US Dollar;0;Units;;
Greece;Jobs;Personal earnings;;27207.0;;A;;USD;US Dollar;0;Units;;
Ireland;Jobs;Personal earnings;;49474.0;;A;;USD;US Dollar;0;Units;;
Korea;Jobs;Personal earnings;;41960.0;;A;;USD;US Dollar;0;Units;;
Lithuania;Jobs;Personal earnings;;31811.0;;A;;USD;US Dollar;0;Units;;
Finland;Community;Quality of support network;;96.0;;A;;PC;Percentage;0;Units;;
France;Community;Quality of support network;;94.0;;A;;PC;Percentage;0;Units;;
Portugal;Community;Quality of support network;;87.0;;A;;PC;Percentage;0;Units;;
Brazil;Community;Quality of support network;;83.0;;A;;PC;Percentage;0;Units;;
OECD - Total;Community;Quality of support network;;91.0;;A;;PC;Percentage;0;Units;;
Denmark;Community;Quality of support network;;93.0;;A;;PC;Percentage;0;Units;;
Italy;Community;Quality of support network;;92.0;;A;;PC;Percentage;0;Units;;
Mexico;Community;Quality of support network;;77.0;;A;;PC;Percentage;0;Units;;
Türkiye;Community;Quality of support network;;82.0;;A;;PC;Percentage;0;Units;;
United Kingdom;Community;Quality of support network;;89.0;;A;;PC;Percentage;0;Units;;
Latvia;Community;Quality of support network;;89.0;;A;;PC;Percentage;0;Units;;
Australia;Community;Quality of support network;;94.0;;A;;PC;Percentage;0;Units;;
Czechia;Community;Quality of support network;;97.0;;A;;PC;Percentage;0;Units;;
Italy;Community;Quality of support network;;86.0;;A;;PC;Percentage;0;Units;;
Japan;Community;Quality of support network;;93.0;;A;;PC;Percentage;0;Units;;
Italy;Community;Quality of support network;;90.0;;A;;PC;Percentage;0;Units;;
Sweden;Community;Quality of support network;;96.0;;A;;PC;Percentage;0;Units;;
Estonia;Community;Quality of support network;;96.0;;A;;PC;Percentage;0;Units;;
South Africa;Community;Quality of support network;;94.0;;A;;PC;Percentage;0;Units;;
Australia;Community;Quality of support network;;93.0;;A;;PC;Percentage;0;Units;;
Austria;Community;Quality of support network;;92.0;;A;;PC;Percentage;0;Units;;
Greece;Community;Quality of support network;;77.0;;A;;PC;Percentage;0;Units;;
Korea;Community;Quality of support network;;78.0;;A;;PC;Percentage;0;Units;;
Poland;Community;Quality of support network;;93.0;;A;;PC;Percentage;0;Units;;
Portugal;Community;Quality of support network;;92.0;;A;;PC;Percentage;0;Units;;
Slovak Republic;Community;Quality of support network;;95.0;;A;;PC;Percentage;0;Units;;
United States;Community;Quality of support network;;93.0;;A;;PC;Percentage;0;Units;;
South Africa;Community;Quality of support network;;90.0;;A;;PC;Percentage;0;Units;;
Czechia;Community;Quality of support network;;95.0;;A;;PC;Percentage;0;Units;;
Costa Rica;Community;Quality of support network;;80.0;;A;;PC;Percentage;0;Units;;
Costa Rica;Community;Quality of support network;;85.0;;A;;PC;Percentage;0;Units;;
Greece;Housing;Rooms per person;;1.2;;A;;RATIO;Ratio;0;Units;;
Ireland;Housing;Rooms per person;;2.1;;A;;RATIO;Ratio;0;Units;;
Spain;Housing;Rooms per person;;1.9;;A;;RATIO;Ratio;0;Units;;
United States;Housing;Rooms per person;;2.4;;A;;RATIO;Ratio;0;Units;;
Israel;Housing;Rooms per person;;1.2;;A;;RATIO;Ratio;0;Units;;
Mexico;Health;Self-reported health;;66.0;;A;;PC;Percentage;0;Units;;
Slovak Republic;Health;Self-reported health;;65.0;;A;;PC;Percentage;0;Units;;
Canada;Health;Self-reported health;;90.0;;A;;PC;Percentage;0;Units;;
Czechia;Health;Self-reported health;;64.0;;A;;PC;Percentage;0;Units;;
France;Health;Self-reported health;;69.0;;A;;PC;Percentage;0;Units;;
Luxembourg;Health;Self-reported health;;73.0;;A;;PC;Percentage;0;Units;;
Slovak Republic;Health;Self-reported health;;69.0;;A;;PC;Percentage;0;Units;;
Türkiye;Health;Self-reported health;;72.0;;A;;PC;Percentage;0;Units;;
Israel;Health;Self-reported health;;75.0;;A;;PC;Percentage;0;Units;;
Latvia;Health;Self-reported health;;53.0;;A;;PC;Percentage;0;Units;;
Canada;Health;Self-reported health;;88.0;;A;;PC;Percentage;0;Units;;
Iceland;Health;Self-reported health;;72.0;;A;;PC;Percentage;0;Units;;
Poland;Health;Self-reported health;;57.0;;A;;PC;Percentage;0;Units;;
Chile;Health;Self-reported health;;56.0;;A;;PC;Percentage;0;Units;;
Germany;Health;Self-reported health;;80.0;;A;;PC;Percentage;0;Units;;
Greece;Health;Self-reported health;;87.0;;A;;PC;Percentage;0;Units;;
Ireland;Health;Self-reported health;;93.0;;A;;PC;Percentage;0;Units;;
Portugal;Health;Self-reported health;;63.0;;A;;PC;Percentage;0;Units;;
Sweden;Health;Self-reported health;;87.0;;A;;PC;Percentage;0;Units;;
Switzerland;Health;Self-reported health;;89.0;;A;;PC;Percentage;0;Units;;
Estonia;Health;Self-reported health;;78.0;;A;;PC;Percentage;0;Units;;
Israel;Health;Self-reported health;;89.0;;A;;PC;Percentage;0;Units;;
Slovenia;Health;Self-reported health;;79.0;;A;;PC;Percentage;0;Units;;
Australia;Health;Self-reported health;;84.0;;A;;PC;Percentage;0;Units;;
Denmark;Health;Self-reported health;;62.0;;A;;PC;Percentage;0;Units;;
Ireland;Health;Self-reported health;;72.0;;A;;PC;Percentage;0;Units;;
Italy;Health;Self-reported health;;71.0;;A;;PC;Percentage;0;Units;;
Spain;Health;Self-reported health;;71.0;;A;;PC;Percentage;0;Units;;
Switzerland;Health;Self-reported health;;71.0;;A;;PC;Percentage;0;Units;;
Israel;Health;Self-reported health;;79.0;;A;;PC;Percentage;0;Units;;
Colombia;Health;Self-reported health;;78.0;;A;;PC;Percentage;0;Units;;
Colombia;Health;Self-reported health;;76.0;;A;;PC;Percentage;0;Units;;
Germany;Civic Engagement;Stakeholder engagement for developing regulations;;1.8;;A;;AVSCORE;Average score;0;Units;;
Mexico;Civic Engagement;Stakeholder engagement for developing regulations;;3.2;;A;;AVSCORE;Average score;0;Units;;
New Zealand;Civic Engagement;Stakeholder engagement for developing regulations;;2.5;;A;;AVSCORE;Average score;0;Units;;
Brazil;Civic Engagement;Stakeholder engagement for developing regulations;;2.2;;A;;AVSCORE;Average score;0;Units;;
Estonia;Civic Engagement;Stakeholder engagement for developing regulations;;2.7;;A;;AVSCORE;Average score;0;Units;;
Slovenia;Civic Engagement;Stakeholder engagement for developing regulations;;2.5;;A;;AVSCORE;Average score;0;Units;;
Colombia;Civic Engagement;Stakeholder engagement for developing regulations;;1.4;;A;;AVSCORE;Average score;0;Units;;
Greece;Education;Student skills;;453.0;;A;;AVSCORE;Average score;0;Units;;
Netherlands;Education;Student skills;;502.0;;A;;AVSCORE;Average score;0;Units;;
Portugal;Education;Student skills;;492.0;;A;;AVSCORE;Average score;0;Units;;
Brazil;Education;Student skills;;400.0;;A;;AVSCORE;Average score;0;Units;;
Australia;Education;Student skills;;495.0;;A;;AVSCORE;Average score;0;Units;;
Denmark;Education;Student skills;;496.0;;A;;AVSCORE;Average score;0;Units;;
France;Education;Student skills;;490.0;;A;;AVSCORE;Average score;0;Units;;
Norway;Education;Student skills;;486.0;;A;;AVSCORE;Average score;0;Units;;
Slovak Republic;Education;Student skills;;463.0;;A;;AVSCORE;Average score;0;Units;;
Sweden;Education;Student skills;;495.0;;A;;AVSCORE;Average score;0;Units;;
United Kingdom;Education;Student skills;;503.0;;A;;AVSCORE;Average score;0;Units;;
United States;Education;Student skills;;493.0;;A;;AVSCORE;Average score;0;Units;;
Brazil;Education;Student skills;;397.0;;A;;AVSCORE;Average score;0;Units;;
Russia;Education;Student skills;;478.0;;A;;AVSCORE;Average score;0;Units;;
Finland;Education;Student skills;;530.0;;A;;AVSCORE;Average score;0;Units;;
Iceland;Education;Student skills;;491.0;;A;;AVSCORE;Average score;0;Units;;
Japan;Education;Student skills;;521.0;;A;;AVSCORE;Average score;0;Units;;
Korea;Education;Student skills;;522.0;;A;;AVSCORE;Average score;0;Units;;
Portugal;Education;Student skills;;494.0;;A;;AVSCORE;Average score;0;Units;;
Estonia;Education;Student skills;;530.0;;A;;AVSCORE;Average score;0;Units;;
France;Education;Student skills;;550.0;;A;;AVSCORE;Average score;0;Units;;
Hungary;Education;Student skills;;534.0;;A;;AVSCORE;Average score;0;Units;;
Ireland;Education;Student skills;;557.0;;A;;AVSCORE;Average score;0;Units;;
Italy;Education;Student skills;;511.0;;A;;AVSCORE;Average score;0;Units;;
Sweden;Education;Student skills;;549.0;;A;;AVSCORE;Average score;0;Units;;
Canada;Education;Student skills;;485.0;;A;;AVSCORE;Average score;0;Units;;
Czechia;Education;Student skills;;439.0;;A;;AVSCORE;Average score;0;Units;;
Germany;Education;Student skills;;450.0;;A;;AVSCORE;Average score;0;Units;;
Korea;Education;Student skills;;477.0;;A;;AVSCORE;Average score;0;Units;;
Luxembourg;Education;Student skills;;415.0;;A;;AVSCORE;Average score;0;Units;;
Mexico;Education;Student skills;;382.0;;A;;AVSCORE;Average score;0;Units;;
Chile;Education;Student skills;;415.0;;A;;AVSCORE;Average score;0;Units;;
Russia;Education;Student skills;;443.0;;A;;AVSCORE;Average score;0;Units;;
Colombia;Education;Student skills;;402.0;;A;;AVSCORE;Average score;0;Units;;
Lithuania;Education;Student skills;;522.0;;A;;AVSCORE;Average score;0;Units;;
Germany;Work-Life Balance;Time devoted to leisure and personal care;;15.62;;A;;HOUR;Hours;0;Units;;
Korea;Work-Life Balance;Time devoted to leisure and personal care;;14.83;;A;;HOUR;Hours;0;Units;;
Netherlands;Work-Life Balance;Time devoted to leisure and personal care;;15.45;;A;;HOUR;Hours;0;Units;;
Spain;Work-Life Balance;Time devoted to leisure and personal care;;15.75;;A;;HOUR;Hours;0;Units;;
Türkiye;Work-Life Balance;Time devoted to leisure and personal care;;14.61;;A;;HOUR;Hours;0;Units;;
United States;Work-Life Balance;Time devoted to leisure and personal care;;14.57;;A;;HOUR;Hours;0;Units;;
Austria;Work-Life Balance;Time devoted to leisure and personal care;;14.7;;A;;HOUR;Hours;0;Units;;
Canada;Work-Life Balance;Time devoted to leisure and personal care;;14.6;;A;;HOUR;Hours;0;Units;;
Hungary;Work-Life Balance;Time devoted to leisure and personal care;;15.5;;A;;HOUR;Hours;0;Units;;
Japan;Work-Life Balance;Time devoted to leisure and personal care;;14.2;;A;;HOUR;Hours;0;Units;;
Korea;Work-Life Balance;Time devoted to leisure and personal care;;15.1;;A;;HOUR;Hours;0;Units;;
Norway;Work-Life Balance;Time devoted to leisure and personal care;;15.0;;A;;HOUR;Hours;0;Units;;
Australia;Work-Life Balance;Time devoted to leisure and personal care;;13.65;;A;;HOUR;Hours;0;Units;;
Belgium;Work-Life Balance;Time devoted to leisure and personal care;;15.33;;A;;HOUR;Hours;0;Units;;
New Zealand;Work-Life Balance;Time devoted to leisure and personal care;;14.53;;A;;HOUR;Hours;0;Units;;
Poland;Work-Life Balance;Time devoted to leisure and personal care;;14.33;;A;;HOUR;Hours;0;Units;;
United Kingdom;Work-Life Balance;Time devoted to leisure and personal care;;14.88;;A;;HOUR;Hours;0;Units;;
Austria;Civic Engagement;Voter turnout;;76.0;;A;;PC;Percentage;0;Units;;
Germany;Civic Engagement;Voter turnout;;76.0;;A;;PC;Percentage;0;Units;;
Greece;Civic Engagement;Voter turnout;;58.0;;A;;PC;Percentage;0;Units;;
Korea;Civic Engagement;Voter turnout;;77.0;;A;;PC;Percentage;0;Units;;
Netherlands;Civic Engagement;Voter turnout;;79.0;;A;;PC;Percentage;0;Units;;
Türkiye;Civic Engagement;Voter turnout;;86.0;;A;;PC;Percentage;0;Units;;
United Kingdom;Civic Engagement;Voter turnout;;68.0;;A;;PC;Percentage;0;Units;;
Chile;Civic Engagement;Voter turnout;;47.0;;A;;PC;Percentage;0;Units;;
Latvia;Civic Engagement;Voter turnout;;55.0;;A;;PC;Percentage;0;Units;;
Slovenia;Civic Engagement;Voter turnout;;53.0;;A;;PC;Percentage;0;Units;;
OECD - Total;Civic Engagement;Voter turnout;;69.0;;A;;PC;Percentage;0;Units;;
Iceland;Enviroment;Water quality;;97.0;;A;;PC;Percentage;0;Units;;
Portugal;Enviroment;Water quality;;89.0;;A;;PC;Percentage;0;Units;;
South Africa;Enviroment;Water quality;;72.0;;A;;PC;Percentage;0;Units;;
Austria;Enviroment;Water quality;;91.0;;A;;PC;Percentage;0;Units;;
Canada;Enviroment;Water quality;;94.0;;A;;PC;Percentage;0;Units;;
Hungary;Enviroment;Water quality;;83.0;;A;;PC;Percentage;0;Units;;
Ireland;Enviroment;Water quality;;79.0;;A;;PC;Percentage;0;Units;;
Italy;Enviroment;Water quality;;73.0;;A;;PC;Percentage;0;Units;;
Slovak Republic;Enviroment;Water quality;;83.0;;A;;PC;Percentage;0;Units;;
Spain;Enviroment;Water quality;;75.0;;A;;PC;Percentage;0;Units;;
Canada;Enviroment;Water quality;;87.0;;A;;PC;Percentage;0;Units;;
Germany;Enviroment;Water quality;;92.0;;A;;PC;Percentage;0;Units;;
Italy;Enviroment;Water quality;;82.0;;A;;PC;Percentage;0;Units;;
Brazil;Enviroment;Water quality;;71.0;;A;;PC;Percentage;0;Units;;
Israel;Enviroment;Water quality;;79.0;;A;;PC;Percentage;0;Units;;
Latvia;Enviroment;Water quality;;83.0;;A;;PC;Percentage;0;Units;;
South Africa;Enviroment;Water quality;;73.0;;A;;PC;Percentage;0;Units;;
Lithuania;Enviroment;Water quality;;83.0;;A;;PC;Percentage;0;Units;;
Colombia;Enviroment;Water quality;;80.0;;A;;PC;Percentage;0;Units;;
Lithuania;Enviroment;Water quality;;85.0;;A;;PC;Percentage;0;Units;;
Iceland;Education;Years in education;;19.0;;A;;YR;Years;0;Units;;
Belgium;Education;Years in education;;19.0;;A;;YR;Years;0;Units;;
Czechia;Education;Years in education;;17.0;;A;;YR;Years;0;Units;;
New Zealand;Education;Years in education;;17.0;;A;;YR;Years;0;Units;;
Australia;Education;Years in education;;21.0;;A;;YR;Years;0;Units;;
Belgium;Education;Years in education;;20.0;;A;;YR;Years;0;Units;;
Greece;Education;Years in education;;19.0;;A;;YR;Years;0;Units;;
Hungary;Education;Years in education;;17.0;;A;;YR;Years;0;Units;;
Japan;Education;Years in education;;16.0;;A;;YR;Years;0;Units;;
New Zealand;Education;Years in education;;18.0;;A;;YR;Years;0;Units;;
Norway;Education;Years in education;;19.0;;A;;YR;Years;0;Units;;
United States;Education;Years in education;;18.0;;A;;YR;Years;0;Units;;
Chile;Education;Years in education;;18.0;;A;;YR;Years;0;Units;;
Israel;Education;Years in education;;16.0;;A;;YR;Years;0;Units;;
Austria;Enviroment;Air pollution;;12.2;;A;;MICRO_M3;Micrograms per cubic metre;0;Units;;
Greece;Enviroment;Air pollution;;14.5;;A;;MICRO_M3;Micrograms per cubic metre;0;Units;;
Iceland;Enviroment;Air pollution;;6.4;;A;;MICRO_M3;Micrograms per cubic metre;0;Units;;
Switzerland;Enviroment;Air pollution;;10.1;;A;;MICRO_M3;Micrograms per cubic metre;0;Units;;
Brazil;Enviroment;Air pollution;;11.7;;A;;MICRO_M3;Micrograms per cubic metre;0;Units;;
Belgium;Housing;Dwellings without basic facilities;;0.7;;A;;PC;Percentage;0;Units;;
Korea;Housing;Dwellings without basic facilities;;2.5;;A;;PC;Percentage;0;Units;;
Sweden;Housing;Dwellings without basic facilities;;0.0;;A;;PC;Percentage;0;Units;;
Russia;Housing;Dwellings without basic facilities;;13.8;;A;;PC;Percentage;0;Units;;
OECD - Total;Housing;Dwellings without basic facilities;;3.0;;A;;PC;Percentage;0;Units;;
Costa Rica;Housing;Dwellings without basic facilities;;2.3;;A;;PC;Percentage;0;Units;;
Denmark;Education;Educational attainment;;82.0;;A;;PC;Percentage;0;Units;;
Greece;Education;Educational attainment;;76.0;;A;;PC;Percentage;0;Units;;
Italy;Education;Educational attainment;;63.0;;A;;PC;Percentage;0;Units;;
Switzerland;Education;Educational attainment;;89.0;;A;;PC;Percentage;0;Units;;
France;Education;Educational attainment;;81.0;;A;;PC;Percentage;0;Units;;
Italy;Education;Educational attainment;;61.0;;A;;PC;Percentage;0;Units;;
New Zealand;Education;Educational attainment;;80.0;;A;;PC;Percentage;0;Units;;
Norway;Education;Educational attainment;;82.0;;A;;PC;Percentage;0;Units;;
Slovak Republic;Education;Educational attainment;;93.0;;A;;PC;Percentage;0;Units;;
Sweden;Education;Educational attainment;;83.0;;A;;PC;Percentage;0;Units;;
Israel;Education;Educational attainment;;87.0;;A;;PC;Percentage;0;Units;;
OECD - Total;Education;Educational attainment;;78.0;;A;;PC;Percentage;0;Units;;
Canada;Education;Educational attainment;;94.0;;A;;PC;Percentage;0;Units;;
Czechia;Education;Educational attainment;;93.0;;A;;PC;Percentage;0;Units;;
Iceland;Education;Educational attainment;;78.0;;A;;PC;Percentage;0;Units;;
Italy;Education;Educational attainment;;65.0;;A;;PC;Percentage;0;Units;;
Luxembourg;Education;Educational attainment;;74.0;;A;;PC;Percentage;0;Units;;
New Zealand;Education;Educational attainment;;82.0;;A;;PC;Percentage;0;Units;;
United Kingdom;Education;Educational attainment;;83.0;;A;;PC;Percentage;0;Units;;
United States;Education;Educational attainment;;92.0;;A;;PC;Percentage;0;Units;;
Chile;Education;Educational attainment;;68.0;;A;;PC;Percentage;0;Units;;
Latvia;Education;Educational attainment;;93.0;;A;;PC;Percentage;0;Units;;
Russia;Education;Educational attainment;;96.0;;A;;PC;Percentage;0;Units;;
Lithuania;Education;Educational attainment;;94.0;;A;;PC;Percentage;0;Units;;
Costa Rica;Education;Educational attainment;;43.0;;A;;PC;Percentage;0;Units;;
Finland;Work-Life Balance;Employees working very long hours;;3.6;;A;;PC;Percentage;0;Units;;
Greece;Work-Life Balance;Employees working very long hours;;4.5;;A;;PC;Percentage;0;Units;;
New Zealand;Work-Life Balance;Employees working very long hours;;14.0;;A;;PC;Percentage;0;Units;;
Slovak Republic;Work-Life Balance;Employees working very long hours;;4.2;;A;;PC;Percentage;0;Units;;
Spain;Work-Life Balance;Employees working very long hours;;2.5;;A;;PC;Percentage;0;Units;;
Türkiye;Work-Life Balance;Employees working very long hours;;25.0;;A;;PC;Percentage;0;Units;;
Brazil;Work-Life Balance;Employees working very long hours;;5.6;;A;;PC;Percentage;0;Units;;
Italy;Work-Life Balance;Employees working very long hours;;4.3;;A;;PC;Percentage;0;Units;;
Luxembourg;Work-Life Balance;Employees working very long hours;;3.4;;A;;PC;Percentage;0;Units;;
Poland;Work-Life Balance;Employees working very long hours;;6.7;;A;;PC;Percentage;0;Units;;
Türkiye;Work-Life Balance;Employees working very long hours;;27.2;;A;;PC;Percentage;0;Units;;
Latvia;Work-Life Balance;Employees working very long hours;;2.4;;A;;PC;Percentage;0;Units;;
Russia;Work-Life Balance;Employees working very long hours;;0.2;;A;;PC;Percentage;0;Units;;
OECD - Total;Work-Life Balance;Employees working very long hours;;13.8;;A;;PC;Percentage;0;Units;;
Austria;Work-Life Balance;Employees working very long hours;;2.4;;A;;PC;Percentage;0;Units;;
Finland;Work-Life Balance;Employees working very long hours;;2.1;;A;;PC;Percentage;0;Units;;
Iceland;Work-Life Balance;Employees working very long hours;;5.0;;A;;PC;Percentage;0;Units;;
Ireland;Work-Life Balance;Employees working very long hours;;1.7;;A;;PC;Percentage;0;Units;;
Sweden;Work-Life Balance;Employees working very long hours;;0.5;;A;;PC;Percentage;0;Units;;
United Kingdom;Work-Life Balance;Employees working very long hours;;6.3;;A;;PC;Percentage;0;Units;;
Chile;Work-Life Balance;Employees working very long hours;;5.0;;A;;PC;Percentage;0;Units;;
South Africa;Work-Life Balance;Employees working very long hours;;10.4;;A;;PC;Percentage;0;Units;;
Lithuania;Work-Life Balance;Employees working very long hours;;1.0;;A;;PC;Percentage;0;Units;;
Costa Rica;Work-Life Balance;Employees working very long hours;;27.9;;A;;PC;Percentage;0;Units;;
Australia;Jobs;Employment rate;;73.0;;A;;PC;Percentage;0;Units;;
Czechia;Jobs;Employment rate;;74.0;;A;;PC;Percentage;0;Units;;
France;Jobs;Employment rate;;65.0;;A;;PC;Percentage;0;Units;;
Germany;Jobs;Employment rate;;77.0;;A;;PC;Percentage;0;Units;;
Japan;Jobs;Employment rate;;77.0;;A;;PC;Percentage;0;Units;;
Korea;Jobs;Employment rate;;66.0;;A;;PC;Percentage;0;Units;;
Luxembourg;Jobs;Employment rate;;67.0;;A;;PC;Percentage;0;Units;;
United Kingdom;Jobs;Employment rate;;75.0;;A;;PC;Percentage;0;Units;;
United States;Jobs;Employment rate;;67.0;;A;;PC;Percentage;0;Units;;
Estonia;Jobs;Employment rate;;74.0;;A;;PC;Percentage;0;Units;;
Slovenia;Jobs;Employment rate;;71.0;;A;;PC;Percentage;0;Units;;
Korea;Jobs;Employment rate;;75.0;;A;;PC;Percentage;0;Units;;
Luxembourg;Jobs;Employment rate;;70.0;;A;;PC;Percentage;0;Units;;
Slovak Republic;Jobs;Employment rate;;73.0;;A;;PC;Percentage;0;Units;;
Switzerland;Jobs;Employment rate;;84.0;;A;;PC;Percentage;0;Units;;
United States;Jobs;Employment rate;;72.0;;A;;PC;Percentage;0;Units;;
Slovenia;Jobs;Employment rate;;74.0;;A;;PC;Percentage;0;Units;;
Canada;Jobs;Employment rate;;67.0;;A;;PC;Percentage;0;Units;;
Czechia;Jobs;Employment rate;;67.0;;A;;PC;Percentage;0;Units;;
France;Jobs;Employment rate;;62.0;;A;;PC;Percentage;0;Units;;
Germany;Jobs;Employment rate;;73.0;;A;;PC;Percentage;0;Units;;
Ireland;Jobs;Employment rate;;63.0;;A;;PC;Percentage;0;Units;;
Italy;Jobs;Employment rate;;49.0;;A;;PC;Percentage;0;Units;;
Luxembourg;Jobs;Employment rate;;64.0;;A;;PC;Percentage;0;Units;;
Brazil;Jobs;Employment rate;;47.0;;A;;PC;Percentage;0;Units;;
OECD - Total;Jobs;Employment rate;;59.0;;A;;PC;Percentage;0;Units;;
Finland;Jobs;Employment rate;;71.0;;A;;PC;Percentage;0;Units;;
Australia;Safety;Feeling safe walking alone at night;;67.0;;A;;PC;Percentage;0;Units;;
Finland;Safety;Feeling safe walking alone at night;;88.0;;A;;PC;Percentage;0;Units;;
France;Safety;Feeling safe walking alone at night;;74.0;;A;;PC;Percentage;0;Units;;
Ireland;Safety;Feeling safe walking alone at night;;76.0;;A;;PC;Percentage;0;Units;;
Japan;Safety;Feeling safe walking alone at night;;77.0;;A;;PC;Percentage;0;Units;;
Mexico;Safety;Feeling safe walking alone at night;;42.0;;A;;PC;Percentage;0;Units;;
Portugal;Safety;Feeling safe walking alone at night;;83.0;;A;;PC;Percentage;0;Units;;
Slovak Republic;Safety;Feeling safe walking alone at night;;76.0;;A;;PC;Percentage;0;Units;;
Slovenia;Safety;Feeling safe walking alone at night;;91.0;;A;;PC;Percentage;0;Units;;
Belgium;Safety;Feeling safe walking alone at night;;66.0;;A;;PC;Percentage;0;Units;;
Luxembourg;Safety;Feeling safe walking alone at night;;89.0;;A;;PC;Percentage;0;Units;;
Netherlands;Safety;Feeling safe walking alone at night;;95.0;;A;;PC;Percentage;0;Units;;
Norway;Safety;Feeling safe walking alone at night;;98.0;;A;;PC;Percentage;0;Units;;
Slovak Republic;Safety;Feeling safe walking alone at night;;86.0;;A;;PC;Percentage;0;Units;;
United States;Safety;Feeling safe walking alone at night;;88.0;;A;;PC;Percentage;0;Units;;
France;Safety;Feeling safe walking alone at night;;70.0;;A;;PC;Percentage;0;Units;;
Slovak Republic;Safety;Feeling safe walking alone at night;;67.0;;A;;PC;Percentage;0;Units;;
Spain;Safety;Feeling safe walking alone at night;;75.0;;A;;PC;Percentage;0;Units;;
Türkiye;Safety;Feeling safe walking alone at night;;45.0;;A;;PC;Percentage;0;Units;;
United Kingdom;Safety;Feeling safe walking alone at night;;77.0;;A;;PC;Percentage;0;Units;;
Estonia;Safety;Feeling safe walking alone at night;;71.0;;A;;PC;Percentage;0;Units;;
Russia;Safety;Feeling safe walking alone at night;;55.0;;A;;PC;Percentage;0;Units;;
Lithuania;Safety;Feeling safe walking alone at night;;69.0;;A;;PC;Percentage;0;Units;;
Costa Rica;Safety;Feeling safe walking alone at night;;59.0;;A;;PC;Percentage;0;Units;;
Mexico;Safety;Homicide rate;;26.8;;A;;RATIO;Ratio;0;Units;;
Netherlands;Safety;Homicide rate;;0.6;;A;;RATIO;Ratio;0;Units;;
Spain;Safety;Homicide rate;;0.7;;A;;RATIO;Ratio;0;Units;;
Türkiye;Safety;Homicide rate;;1.0;;A;;RATIO;Ratio;0;Units;;
Australia;Safety;Homicide rate;;1.3;;A;;RATIO;Ratio;0;Units;;
Czechia;Safety;Homicide rate;;0.8;;A;;RATIO;Ratio;0;Units;;
Denmark;Safety;Homicide rate;;0.7;;A;;RATIO;Ratio;0;Units;;
Finland;Safety;Homicide rate;;1.8;;A;;RATIO;Ratio;0;Units;;
France;Safety;Homicide rate;;0.6;;A;;RATIO;Ratio;0;Units;;
Mexico;Safety;Homicide rate;;50.5;;A;;RATIO;Ratio;0;Units;;
Netherlands;Safety;Homicide rate;;0.8;;A;;RATIO;Ratio;0;Units;;
Slovak Republic;Safety;Homicide rate;;1.0;;A;;RATIO;Ratio;0;Units;;
Denmark;Safety;Homicide rate;;0.4;;A;;RATIO;Ratio;0;Units;;
Germany;Safety;Homicide rate;;0.3;;A;;RATIO;Ratio;0;Units;;
Hungary;Safety;Homicide rate;;0.7;;A;;RATIO;Ratio;0;Units;;
Iceland;Safety;Homicide rate;;1.2;;A;;RATIO;Ratio;0;Units;;
New Zealand;Safety;Homicide rate;;1.0;;A;;RATIO;Ratio;0;Units;;
Slovak Republic;Safety;Homicide rate;;0.6;;A;;RATIO;Ratio;0;Units;;
Türkiye;Safety;Homicide rate;;0.5;;A;;RATIO;Ratio;0;Units;;
Lithuania;Safety;Homicide rate;;4.0;;A;;RATIO;Ratio;0;Units;;
Costa Rica;Safety;Homicide rate;;10.0;;A;;RATIO;Ratio;0;Units;;
Denmark;Income;Household net adjusted disposable income;;33774.0;;A;;USD;US Dollar;0;Units;;
France;Income;Household net adjusted disposable income;;34375.0;;A;;USD;US Dollar;0;Units;;
Ireland;Income;Household net adjusted disposable income;;29488.0;;A;;USD;US Dollar;0;Units;;
Portugal;Income;Household net adjusted disposable income;;24877.0;;A;;USD;US Dollar;0;Units;;
Russia;Income;Household net adjusted disposable income;;19546.0;;A;;USD;US Dollar;0;Units;;
Costa Rica;Income;Household net adjusted disposable income;;16517.0;;A;;USD;US Dollar;0;Units;;
Austria;Income;Household net wealth;;309637.0;;A;;USD;US Dollar;0;Units;;
Greece;Income;Household net wealth;;148323.0;;A;;USD;US Dollar;0;Units;;
Hungary;Income;Household net wealth;;150296.0;;A;;USD;US Dollar;0;Units;;
Italy;Income;Household net wealth;;295020.0;;A;;USD;US Dollar;0;Units;;
United States;Income;Household net wealth;;684500.0;;A;;USD;US Dollar;0;Units;;
Czechia;Housing;Housing expenditure;;23.4;;A;;PC;Percentage;0;Units;;
Greece;Housing;Housing expenditure;;21.8;;A;;PC;Percentage;0;Units;;
Luxembourg;Housing;Housing expenditure;;20.7;;A;;PC;Percentage;0;Units;;
Portugal;Housing;Housing expenditure;;19.6;;A;;PC;Percentage;0;Units;;
Latvia;Housing;Housing expenditure;;20.8;;A;;PC;Percentage;0;Units;;
Finland;Jobs;Labour market insecurity;;2.2;;A;;PC;Percentage;0;Units;;
France;Jobs;Labour market insecurity;;3.1;;A;;PC;Percentage;0;Units;;
Japan;Jobs;Labour market insecurity;;2.7;;A;;PC;Percentage;0;Units;;
Netherlands;Jobs;Labour market insecurity;;2.5;;A;;PC;Percentage;0;Units;;
Spain;Jobs;Labour market insecurity;;15.8;;A;;PC;Percentage;0;Units;;
United States;Jobs;Labour market insecurity;;4.2;;A;;PC;Percentage;0;Units;;
Australia;Health;Life expectancy;;83.0;;A;;YR;Years;0;Units;;
Belgium;Health;Life expectancy;;82.1;;A;;YR;Years;0;Units;;
Denmark;Health;Life expectancy;;81.5;;A;;YR;Years;0;Units;;
New Zealand;Health;Life expectancy;;82.1;;A;;YR;Years;0;Units;;
Slovak Republic;Health;Life expectancy;;77.8;;A;;YR;Years;0;Units;;
Sweden;Health;Life expectancy;;83.2;;A;;YR;Years;0;Units;;
Türkiye;Health;Life expectancy;;78.6;;A;;YR;Years;0;Units;;
South Africa;Health;Life expectancy;;64.2;;A;;YR;Years;0;Units;;
France;Health;Life expectancy;;79.9;;A;;YR;Years;0;Units;;
Greece;Health;Life expectancy;;79.2;;A;;YR;Years;0;Units;;
Mexico;Health;Life expectancy;;72.2;;A;;YR;Years;0;Units;;
Netherlands;Health;Life expectancy;;80.6;;A;;YR;Years;0;Units;;
United States;Health;Life expectancy;;76.3;;A;;YR;Years;0;Units;;
Brazil;Health;Life expectancy;;72.2;;A;;YR;Years;0;Units;;
Estonia;Health;Life expectancy;;74.5;;A;;YR;Years;0;Units;;
Czechia;Health;Life expectancy;;82.2;;A;;YR;Years;0;Units;;
Finland;Health;Life expectancy;;84.8;;A;;YR;Years;0;Units;;
OECD - Total;Health;Life expectancy;;83.6;;A;;YR;Years;0;Units;;
Colombia;Health;Life expectancy;;76.7;;A;;YR;Years;0;Units;;
Netherlands;Life Satisfaction;Life satisfaction;;7.5;;A;;AVSCORE;Average score;0;Units;;
Estonia;Life Satisfaction;Life satisfaction;;6.5;;A;;AVSCORE;Average score;0;Units;;
Germany;Life Satisfaction;Life satisfaction;;7.4;;A;;AVSCORE;Average score;0;Units;;
Iceland;Life Satisfaction;Life satisfaction;;7.4;;A;;AVSCORE;Average score;0;Units;;
Ireland;Life Satisfaction;Life satisfaction;;6.9;;A;;AVSCORE;Average score;0;Units;;
Korea;Life Satisfaction;Life satisfaction;;5.4;;A;;AVSCORE;Average score;0;Units;;
Türkiye;Life Satisfaction;Life satisfaction;;4.3;;A;;AVSCORE;Average score;0;Units;;
Chile;Life Satisfaction;Life satisfaction;;6.2;;A;;AVSCORE;Average score;0;Units;;
Austria;Life Satisfaction;Life satisfaction;;7.3;;A;;AVSCORE;Average score;0;Units;;
Canada;Life Satisfaction;Life satisfaction;;7.0;;A;;AVSCORE;Average score;0;Units;;
Greece;Life Satisfaction;Life satisfaction;;5.6;;A;;AVSCORE;Average score;0;Units;;
Spain;Life Satisfaction;Life satisfaction;;6.6;;A;;AVSCORE;Average score;0;Units;;
Türkiye;Life Satisfaction;Life satisfaction;;5.4;;A;;AVSCORE;Average score;0;Units;;
Finland;Life Satisfaction;Life satisfaction;;8.5;;A;;AVSCORE;Average score;0;Units;;
Italy;Life Satisfaction;Life satisfaction;;7.1;;A;;AVSCORE;Average score;0;Units;;
New Zealand;Life Satisfaction;Life satisfaction;;7.3;;A;;AVSCORE;Average score;0;Units;;
United States;Life Satisfaction;Life satisfaction;;7.5;;A;;AVSCORE;Average score;0;Units;;
Brazil;Life Satisfaction;Life satisfaction;;6.9;;A;;AVSCORE;Average score;0;Units;;
Denmark;Life Satisfaction;Life satisfaction;;7.5;;A;;AVSCORE;Average score;0;Units;;
Greece;Life Satisfaction;Life satisfaction;;5.7;;A;;AVSCORE;Average score;0;Units;;
Luxembourg;Life Satisfaction;Life satisfaction;;7.3;;A;;AVSCORE;Average score;0;Units;;
Estonia;Life Satisfaction;Life satisfaction;;6.1;;A;;AVSCORE;Average score;0;Units;;
Israel;Life Satisfaction;Life satisfaction;;7.2;;A;;AVSCORE;Average score;0;Units;;
OECD - Total;Life Satisfaction;Life satisfaction;;6.6;;A;;AVSCORE;Average score;0;Units;;
Lithuania;Life Satisfaction;Life satisfaction;;6.2;;A;;AVSCORE;Average score;0;Units;;
Costa Rica;Life Satisfaction;Life satisfaction;;6.5;;A;;AVSCORE;Average score;0;Units;;
Czechia;Jobs;Long-term unemployment rate;;0.5;;A;;PC;Percentage;0;Units;;
Belgium;Jobs;Long-term unemployment rate;;2.3;;A;;PC;Percentage;0;Units;;
Italy;Jobs;Long-term unemployment rate;;4.8;;A;;PC;Percentage;0;Units;;
Switzerland;Jobs;Long-term unemployment rate;;1.7;;A;;PC;Percentage;0;Units;;
Latvia;Jobs;Long-term unemployment rate;;2.2;;A;;PC;Percentage;0;Units;;
Austria;Jobs;Long-term unemployment rate;;1.5;;A;;PC;Percentage;0;Units;;
Belgium;Jobs;Long-term unemployment rate;;2.5;;A;;PC;Percentage;0;Units;;
Canada;Jobs;Long-term unemployment rate;;0.6;;A;;PC;Percentage;0;Units;;
Finland;Jobs;Long-term unemployment rate;;1.3;;A;;PC;Percentage;0;Units;;
Iceland;Jobs;Long-term unemployment rate;;0.8;;A;;PC;Percentage;0;Units;;
Japan;Jobs;Long-term unemployment rate;;1.0;;A;;PC;Percentage;0;Units;;
United States;Jobs;Long-term unemployment rate;;0.5;;A;;PC;Percentage;0;Units;;
Czechia;Jobs;Long-term unemployment rate;;0.6;;A;;PC;Percentage;0;Units;;
Portugal;Jobs;Long-term unemployment rate;;2.4;;A;;PC;Percentage;0;Units;;
Israel;Jobs;Long-term unemployment rate;;0.2;;A;;PC;Percentage;0;Units;;
Colombia;Jobs;Long-term unemployment rate;;0.7;;A;;PC;Percentage;0;Units;;
Australia;Jobs;Personal earnings;;55206.0;;A;;USD;US Dollar;0;Units;;
Denmark;Jobs;Personal earnings;;58430.0;;A;;USD;US Dollar;0;Units;;
Hungary;Jobs;Personal earnings;;25409.0;;A;;USD;US Dollar;0;Units;;
Italy;Jobs;Personal earnings;;37769.0;;A;;USD;US Dollar;0;Units;;
New Zealand;Jobs;Personal earnings;;45269.0;;A;;USD;US Dollar;0;Units;;
Norway;Jobs;Personal earnings;;55780.0;;A;;USD;US Dollar;0;Units;;
Israel;Jobs;Personal earnings;;39322.0;;A;;USD;US Dollar;0;Units;;
Korea;Community;Quality of support network;;80.0;;A;;PC;Percentage;0;Units;;
Türkiye;Community;Quality of support network;;85.0;;A;;PC;Percentage;0;Units;;
France;Community;Quality of support network;;92.0;;A;;PC;Percentage;0;Units;;
Hungary;Community;Quality of support network;;92.0;;A;;PC;Percentage;0;Units;;
Finland;Community;Quality of support network;;98.0;;A;;PC;Percentage;0;Units;;
France;Community;Quality of support network;;96.0;;A;;PC;Percentage;0;Units;;
Germany;Community;Quality of support network;;89.0;;A;;PC;Percentage;0;Units;;
Iceland;Community;Quality of support network;;98.0;;A;;PC;Percentage;0;Units;;
New Zealand;Community;Quality of support network;;95.0;;A;;PC;Percentage;0;Units;;
Poland;Community;Quality of support network;;95.0;;A;;PC;Percentage;0;Units;;
Spain;Community;Quality of support network;;94.0;;A;;PC;Percentage;0;Units;;
United Kingdom;Community;Quality of support network;;96.0;;A;;PC;Percentage;0;Units;;
Brazil;Community;Quality of support network;;80.0;;A;;PC;Percentage;0;Units;;
South Africa;Community;Quality of support network;;89.0;;A;;PC;Percentage;0;Units;;
Austria;Community;Quality of support network;;96.0;;A;;PC;Percentage;0;Units;;
Finland;Community;Quality of support network;;100.0;;A;;PC;Percentage;0;Units;;
France;Community;Quality of support network;;97.0;;A;;PC;Percentage;0;Units;;
Korea;Community;Quality of support network;;86.0;;A;;PC;Percentage;0;Units;;
Norway;Community;Quality of support network;;98.0;;A;;PC;Percentage;0;Units;;
Spain;Community;Quality of support network;;97.0;;A;;PC;Percentage;0;Units;;
Türkiye;Community;Quality of support network;;93.0;;A;;PC;Percentage;0;Units;;
Latvia;Community;Quality of support network;;97.0;;A;;PC;Percentage;0;Units;;
Russia;Community;Quality of support network;;93.0;;A;;PC;Percentage;0;Units;;
Belgium;Community;Quality of support network;;88.0;;A;;PC;Percentage;0;Units;;
Hungary;Community;Quality of support network;;96.0;;A;;PC;Percentage;0;Units;;
Japan;Community;Quality of support network;;90.0;;A;;PC;Percentage;0;Units;;
Luxembourg;Community;Quality of support network;;91.0;;A;;PC;Percentage;0;Units;;
Norway;Community;Quality of support network;;94.0;;A;;PC;Percentage;0;Units;;
Israel;Community;Quality of support network;;95.0;;A;;PC;Percentage;0;Units;;
Colombia;Community;Quality of support network;;83.0;;A;;PC;Percentage;0;Units;;
Colombia;Community;Quality of support network;;92.0;;A;;PC;Percentage;0;Units;;
Lithuania;Community;Quality of support network;;96.0;;A;;PC;Percentage;0;Units;;
Lithuania;Community;Quality of support network;;88.0;;A;;PC;Percentage;0;Units;;
Denmark;Housing;Rooms per person;;1.9;;A;;RATIO;Ratio;0;Units;;
Iceland;Housing;Rooms per person;;1.6;;A;;RATIO;Ratio;0;Units;;
Japan;Housing;Rooms per person;;1.9;;A;;RATIO;Ratio;0;Units;;
Portugal;Housing;Rooms per person;;1.7;;A;;RATIO;Ratio;0;Units;;
Lithuania;Housing;Rooms per person;;1.5;;A;;RATIO;Ratio;0;Units;;
Costa Rica;Housing;Rooms per person;;1.2;;A;;RATIO;Ratio;0;Units;;
Canada;Health;Self-reported health;;89.0;;A;;PC;Percentage;0;Units;;
Czechia;Health;Self-reported health;;62.0;;A;;PC;Percentage;0;Units;;
Hungary;Health;Self-reported health;;58.0;;A;;PC;Percentage;0;Units;;
Iceland;Health;Self-reported health;;77.0;;A;;PC;Percentage;0;Units;;
Japan;Health;Self-reported health;;37.0;;A;;PC;Percentage;0;Units;;
Russia;Health;Self-reported health;;43.0;;A;;PC;Percentage;0;Units;;
Denmark;Health;Self-reported health;;72.0;;A;;PC;Percentage;0;Units;;
Finland;Health;Self-reported health;;69.0;;A;;PC;Percentage;0;Units;;
Germany;Health;Self-reported health;;66.0;;A;;PC;Percentage;0;Units;;
Greece;Health;Self-reported health;;81.0;;A;;PC;Percentage;0;Units;;
Japan;Health;Self-reported health;;38.0;;A;;PC;Percentage;0;Units;;
Korea;Health;Self-reported health;;38.0;;A;;PC;Percentage;0;Units;;
Spain;Health;Self-reported health;;78.0;;A;;PC;Percentage;0;Units;;
Estonia;Health;Self-reported health;;59.0;;A;;PC;Percentage;0;Units;;
Russia;Health;Self-reported health;;49.0;;A;;PC;Percentage;0;Units;;
OECD - Total;Health;Self-reported health;;71.0;;A;;PC;Percentage;0;Units;;
Luxembourg;Health;Self-reported health;;70.0;;A;;PC;Percentage;0;Units;;
Norway;Health;Self-reported health;;73.0;;A;;PC;Percentage;0;Units;;
Slovak Republic;Health;Self-reported health;;61.0;;A;;PC;Percentage;0;Units;;
Israel;Health;Self-reported health;;72.0;;A;;PC;Percentage;0;Units;;
Slovenia;Health;Self-reported health;;64.0;;A;;PC;Percentage;0;Units;;
Iceland;Health;Self-reported health;;86.0;;A;;PC;Percentage;0;Units;;
Italy;Health;Self-reported health;;80.0;;A;;PC;Percentage;0;Units;;
Netherlands;Health;Self-reported health;;86.0;;A;;PC;Percentage;0;Units;;
Poland;Health;Self-reported health;;74.0;;A;;PC;Percentage;0;Units;;
Austria;Health;Self-reported health;;61.0;;A;;PC;Percentage;0;Units;;
Belgium;Health;Self-reported health;;57.0;;A;;PC;Percentage;0;Units;;
France;Health;Self-reported health;;58.0;;A;;PC;Percentage;0;Units;;
Greece;Health;Self-reported health;;78.0;;A;;PC;Percentage;0;Units;;
Korea;Health;Self-reported health;;26.0;;A;;PC;Percentage;0;Units;;
Netherlands;Health;Self-reported health;;60.0;;A;;PC;Percentage;0;Units;;
OECD - Total;Health;Self-reported health;;58.0;;A;;PC;Percentage;0;Units;;
Costa Rica;Health;Self-reported health;;77.0;;A;;PC;Percentage;0;Units;;
Australia;Civic Engagement;Stakeholder engagement for developing regulations;;2.7;;A;;AVSCORE;Average score;0;Units;;
Belgium;Civic Engagement;Stakeholder engagement for developing regulations;;2.0;;A;;AVSCORE;Average score;0;Units;;
Canada;Civic Engagement;Stakeholder engagement for developing regulations;;2.9;;A;;AVSCORE;Average score;0;Units;;
Finland;Civic Engagement;Stakeholder engagement for developing regulations;;2.2;;A;;AVSCORE;Average score;0;Units;;
Greece;Civic Engagement;Stakeholder engagement for developing regulations;;1.8;;A;;AVSCORE;Average score;0;Units;;
Iceland;Civic Engagement;Stakeholder engagement for developing regulations;;2.1;;A;;AVSCORE;Average score;0;Units;;
Italy;Civic Engagement;Stakeholder engagement for developing regulations;;2.5;;A;;AVSCORE;Average score;0;Units;;
Korea;Civic Engagement;Stakeholder engagement for developing regulations;;2.9;;A;;AVSCORE;Average score;0;Units;;
Portugal;Civic Engagement;Stakeholder engagement for developing regulations;;1.5;;A;;AVSCORE;Average score;0;Units;;
United Kingdom;Civic Engagement;Stakeholder engagement for developing regulations;;3.1;;A;;AVSCORE;Average score;0;Units;;
Hungary;Education;Student skills;;479.0;;A;;AVSCORE;Average score;0;Units;;
Ireland;Education;Student skills;;505.0;;A;;AVSCORE;Average score;0;Units;;
Italy;Education;Student skills;;477.0;;A;;AVSCORE;Average score;0;Units;;
Japan;Education;Student skills;;520.0;;A;;AVSCORE;Average score;0;Units;;
Korea;Education;Student skills;;520.0;;A;;AVSCORE;Average score;0;Units;;
Israel;Education;Student skills;;465.0;;A;;AVSCORE;Average score;0;Units;;
Latvia;Education;Student skills;;447.0;;A;;AVSCORE;Average score;0;Units;;
Austria;Education;Student skills;;489.0;;A;;AVSCORE;Average score;0;Units;;
Czechia;Education;Student skills;;490.0;;A;;AVSCORE;Average score;0;Units;;
Finland;Education;Student skills;;503.0;;A;;AVSCORE;Average score;0;Units;;
Greece;Education;Student skills;;445.0;;A;;AVSCORE;Average score;0;Units;;
Iceland;Education;Student skills;;472.0;;A;;AVSCORE;Average score;0;Units;;
Ireland;Education;Student skills;;501.0;;A;;AVSCORE;Average score;0;Units;;
Türkiye;Education;Student skills;;458.0;;A;;AVSCORE;Average score;0;Units;;
Estonia;Education;Student skills;;521.0;;A;;AVSCORE;Average score;0;Units;;
Israel;Education;Student skills;;452.0;;A;;AVSCORE;Average score;0;Units;;
Denmark;Education;Student skills;;506.0;;A;;AVSCORE;Average score;0;Units;;
Hungary;Education;Student skills;;481.0;;A;;AVSCORE;Average score;0;Units;;
Ireland;Education;Student skills;;508.0;;A;;AVSCORE;Average score;0;Units;;
Poland;Education;Student skills;;518.0;;A;;AVSCORE;Average score;0;Units;;
Switzerland;Education;Student skills;;502.0;;A;;AVSCORE;Average score;0;Units;;
Türkiye;Education;Student skills;;467.0;;A;;AVSCORE;Average score;0;Units;;
United States;Education;Student skills;;498.0;;A;;AVSCORE;Average score;0;Units;;
Chile;Education;Student skills;;439.0;;A;;AVSCORE;Average score;0;Units;;
Slovenia;Education;Student skills;;512.0;;A;;AVSCORE;Average score;0;Units;;
Iceland;Education;Student skills;;510.0;;A;;AVSCORE;Average score;0;Units;;
Slovak Republic;Education;Student skills;;511.0;;A;;AVSCORE;Average score;0;Units;;
Switzerland;Education;Student skills;;539.0;;A;;AVSCORE;Average score;0;Units;;
Chile;Education;Student skills;;502.0;;A;;AVSCORE;Average score;0;Units;;
Israel;Education;Student skills;;529.0;;A;;AVSCORE;Average score;0;Units;;
Russia;Education;Student skills;;510.0;;A;;AVSCORE;Average score;0;Units;;
Austria;Education;Student skills;;440.0;;A;;AVSCORE;Average score;0;Units;;
Denmark;Education;Student skills;;462.0;;A;;AVSCORE;Average score;0;Units;;
Iceland;Education;Student skills;;437.0;;A;;AVSCORE;Average score;0;Units;;
Italy;Education;Student skills;;436.0;;A;;AVSCORE;Average score;0;Units;;
Israel;Education;Student skills;;407.0;;A;;AVSCORE;Average score;0;Units;;
Latvia;Education;Student skills;;493.0;;A;;AVSCORE;Average score;0;Units;;
Australia;Work-Life Balance;Time devoted to leisure and personal care;;14.36;;A;;HOUR;Hours;0;Units;;
France;Work-Life Balance;Time devoted to leisure and personal care;;16.2;;A;;HOUR;Hours;0;Units;;
Hungary;Work-Life Balance;Time devoted to leisure and personal care;;15.08;;A;;HOUR;Hours;0;Units;;
Finland;Work-Life Balance;Time devoted to leisure and personal care;;15.3;;A;;HOUR;Hours;0;Units;;
Germany;Work-Life Balance;Time devoted to leisure and personal care;;15.7;;A;;HOUR;Hours;0;Units;;
Italy;Work-Life Balance;Time devoted to leisure and personal care;;16.9;;A;;HOUR;Hours;0;Units;;
Türkiye;Work-Life Balance;Time devoted to leisure and personal care;;14.8;;A;;HOUR;Hours;0;Units;;
United Kingdom;Work-Life Balance;Time devoted to leisure and personal care;;15.0;;A;;HOUR;Hours;0;Units;;
Estonia;Work-Life Balance;Time devoted to leisure and personal care;;15.4;;A;;HOUR;Hours;0;Units;;
Austria;Work-Life Balance;Time devoted to leisure and personal care;;14.31;;A;;HOUR;Hours;0;Units;;
Germany;Work-Life Balance;Time devoted to leisure and personal care;;15.57;;A;;HOUR;Hours;0;Units;;
Ireland;Work-Life Balance;Time devoted to leisure and personal care;;14.41;;A;;HOUR;Hours;0;Units;;
Italy;Work-Life Balance;Time devoted to leisure and personal care;;15.52;;A;;HOUR;Hours;0;Units;;
Belgium;Civic Engagement;Voter turnout;;88.0;;A;;PC;Percentage;0;Units;;
Finland;Civic Engagement;Voter turnout;;69.0;;A;;PC;Percentage;0;Units;;
Ireland;Civic Engagement;Voter turnout;;63.0;;A;;PC;Percentage;0;Units;;
Luxembourg;Civic Engagement;Voter turnout;;90.0;;A;;PC;Percentage;0;Units;;
Sweden;Civic Engagement;Voter turnout;;87.0;;A;;PC;Percentage;0;Units;;
United States;Civic Engagement;Voter turnout;;65.0;;A;;PC;Percentage;0;Units;;
South Africa;Civic Engagement;Voter turnout;;66.0;;A;;PC;Percentage;0;Units;;
Australia;Enviroment;Water quality;;92.0;;A;;PC;Percentage;0;Units;;
Canada;Enviroment;Water quality;;90.0;;A;;PC;Percentage;0;Units;;
Spain;Enviroment;Water quality;;76.0;;A;;PC;Percentage;0;Units;;
United States;Enviroment;Water quality;;88.0;;A;;PC;Percentage;0;Units;;
Israel;Enviroment;Water quality;;77.0;;A;;PC;Percentage;0;Units;;
Russia;Enviroment;Water quality;;62.0;;A;;PC;Percentage;0;Units;;
Slovenia;Enviroment;Water quality;;93.0;;A;;PC;Percentage;0;Units;;
Belgium;Enviroment;Water quality;;81.0;;A;;PC;Percentage;0;Units;;
Korea;Enviroment;Water quality;;80.0;;A;;PC;Percentage;0;Units;;
Mexico;Enviroment;Water quality;;78.0;;A;;PC;Percentage;0;Units;;
Netherlands;Enviroment;Water quality;;95.0;;A;;PC;Percentage;0;Units;;
Türkiye;Enviroment;Water quality;;64.0;;A;;PC;Percentage;0;Units;;
United Kingdom;Enviroment;Water quality;;80.0;;A;;PC;Percentage;0;Units;;
Czechia;Enviroment;Water quality;;86.0;;A;;PC;Percentage;0;Units;;
Denmark;Enviroment;Water quality;;92.0;;A;;PC;Percentage;0;Units;;
Ireland;Enviroment;Water quality;;81.0;;A;;PC;Percentage;0;Units;;
New Zealand;Enviroment;Water quality;;84.0;;A;;PC;Percentage;0;Units;;
Norway;Enviroment;Water quality;;98.0;;A;;PC;Percentage;0;Units;;
Poland;Enviroment;Water quality;;82.0;;A;;PC;Percentage;0;Units;;
Slovak Republic;Enviroment;Water quality;;80.0;;A;;PC;Percentage;0;Units;;
Spain;Enviroment;Water quality;;77.0;;A;;PC;Percentage;0;Units;;
Sweden;Enviroment;Water quality;;97.0;;A;;PC;Percentage;0;Units;;
Türkiye;Enviroment;Water quality;;60.0;;A;;PC;Percentage;0;Units;;
Russia;Enviroment;Water quality;;59.0;;A;;PC;Percentage;0;Units;;
Denmark;Education;Years in education;;19.0;;A;;YR;Years;0;Units;;
Finland;Education;Years in education;;19.0;;A;;YR;Years;0;Units;;
Chile;Education;Years in education;;17.0;;A;;YR;Years;0;Units;;
Finland;Education;Years in education;;20.0;;A;;YR;Years;0;Units;;
Korea;Education;Years in education;;17.0;;A;;YR;Years;0;Units;;
Poland;Education;Years in education;;18.0;;A;;YR;Years;0;Units;;
Switzerland;Education;Years in education;;17.0;;A;;YR;Years;0;Units;;
Latvia;Education;Years in education;;19.0;;A;;YR;Years;0;Units;;
Lithuania;Education;Years in education;;18.0;;A;;YR;Years;0;Units;;
Czechia;Enviroment;Air pollution;;17.0;;A;;MICRO_M3;Micrograms per cubic metre;0;Units;;
France;Enviroment;Air pollution;;11.4;;A;;MICRO_M3;Micrograms per cubic metre;0;Units;;
Italy;Enviroment;Air pollution;;15.9;;A;;MICRO_M3;Micrograms per cubic metre;0;Units;;
Japan;Enviroment;Air pollution;;13.7;;A;;MICRO_M3;Micrograms per cubic metre;0;Units;;
Netherlands;Enviroment;Air pollution;;12.2;;A;;MICRO_M3;Micrograms per cubic metre;0;Units;;
United Kingdom;Enviroment;Air pollution;;10.1;;A;;MICRO_M3;Micrograms per cubic metre;0;Units;;
Chile;Enviroment;Air pollution;;23.4;;A;;MICRO_M3;Micrograms per cubic metre;0;Units;;
Estonia;Enviroment;Air pollution;;5.9;;A;;MICRO_M3;Micrograms per cubic metre;0;Units;;
Russia;Enviroment;Air pollution;;11.8;;A;;MICRO_M3;Micrograms per cubic metre;0;Units;;
Colombia;Enviroment;Air pollution;;22.6;;A;;MICRO_M3;Micrograms per cubic metre;0;Units;;
Greece;Housing;Dwellings without basic facilities;;0.4;;A;;PC;Percentage;0;Units;;
Iceland;Housing;Dwellings without basic facilities;;0.0;;A;;PC;Percentage;0;Units;;
Japan;Housing;Dwellings without basic facilities;;6.4;;A;;PC;Percentage;0;Units;;
Mexico;Housing;Dwellings without basic facilities;;25.9;;A;;PC;Percentage;0;Units;;
Netherlands;Housing;Dwellings without basic facilities;;0.1;;A;;PC;Percentage;0;Units;;
Poland;Housing;Dwellings without basic facilities;;2.3;;A;;PC;Percentage;0;Units;;
Türkiye;Housing;Dwellings without basic facilities;;4.9;;A;;PC;Percentage;0;Units;;
Estonia;Housing;Dwellings without basic facilities;;5.7;;A;;PC;Percentage;0;Units;;
Colombia;Housing;Dwellings without basic facilities;;12.3;;A;;PC;Percentage;0;Units;;
Czechia;Education;Educational attainment;;94.0;;A;;PC;Percentage;0;Units;;
Hungary;Education;Educational attainment;;86.0;;A;;PC;Percentage;0;Units;;
Korea;Education;Educational attainment;;89.0;;A;;PC;Percentage;0;Units;;
OECD - Total;Education;Educational attainment;;79.0;;A;;PC;Percentage;0;Units;;
Denmark;Education;Educational attainment;;80.0;;A;;PC;Percentage;0;Units;;
Germany;Education;Educational attainment;;87.0;;A;;PC;Percentage;0;Units;;
Mexico;Education;Educational attainment;;42.0;;A;;PC;Percentage;0;Units;;
Switzerland;Education;Educational attainment;;90.0;;A;;PC;Percentage;0;Units;;
Türkiye;Education;Educational attainment;;45.0;;A;;PC;Percentage;0;Units;;
Estonia;Education;Educational attainment;;87.0;;A;;PC;Percentage;0;Units;;
Poland;Education;Educational attainment;;94.0;;A;;PC;Percentage;0;Units;;
Slovak Republic;Education;Educational attainment;;92.0;;A;;PC;Percentage;0;Units;;
Slovenia;Education;Educational attainment;;91.0;;A;;PC;Percentage;0;Units;;
Costa Rica;Education;Educational attainment;;44.0;;A;;PC;Percentage;0;Units;;
Canada;Work-Life Balance;Employees working very long hours;;3.3;;A;;PC;Percentage;0;Units;;
Denmark;Work-Life Balance;Employees working very long hours;;1.1;;A;;PC;Percentage;0;Units;;
France;Work-Life Balance;Employees working very long hours;;7.7;;A;;PC;Percentage;0;Units;;
Germany;Work-Life Balance;Employees working very long hours;;3.9;;A;;PC;Percentage;0;Units;;
Luxembourg;Work-Life Balance;Employees working very long hours;;2.8;;A;;PC;Percentage;0;Units;;
Netherlands;Work-Life Balance;Employees working very long hours;;0.3;;A;;PC;Percentage;0;Units;;
Australia;Work-Life Balance;Employees working very long hours;;18.5;;A;;PC;Percentage;0;Units;;
Greece;Work-Life Balance;Employees working very long hours;;6.1;;A;;PC;Percentage;0;Units;;
Iceland;Work-Life Balance;Employees working very long hours;;17.9;;A;;PC;Percentage;0;Units;;
Slovak Republic;Work-Life Balance;Employees working very long hours;;6.1;;A;;PC;Percentage;0;Units;;
Slovenia;Work-Life Balance;Employees working very long hours;;7.9;;A;;PC;Percentage;0;Units;;
Germany;Work-Life Balance;Employees working very long hours;;1.8;;A;;PC;Percentage;0;Units;;
Greece;Work-Life Balance;Employees working very long hours;;2.5;;A;;PC;Percentage;0;Units;;
Hungary;Work-Life Balance;Employees working very long hours;;0.9;;A;;PC;Percentage;0;Units;;
Netherlands;Work-Life Balance;Employees working very long hours;;0.1;;A;;PC;Percentage;0;Units;;
Türkiye;Work-Life Balance;Employees working very long hours;;20.1;;A;;PC;Percentage;0;Units;;
Latvia;Work-Life Balance;Employees working very long hours;;1.0;;A;;PC;Percentage;0;Units;;
Russia;Work-Life Balance;Employees working very long hours;;0.1;;A;;PC;Percentage;0;Units;;
Colombia;Work-Life Balance;Employees working very long hours;;28.2;;A;;PC;Percentage;0;Units;;
Lithuania;Work-Life Balance;Employees working very long hours;;1.1;;A;;PC;Percentage;0;Units;;
Colombia;Work-Life Balance;Employees working very long hours;;17.1;;A;;PC;Percentage;0;Units;;
Denmark;Jobs;Employment rate;;74.0;;A;;PC;Percentage;0;Units;;
Iceland;Jobs;Employment rate;;78.0;;A;;PC;Percentage;0;Units;;
Ireland;Jobs;Employment rate;;68.0;;A;;PC;Percentage;0;Units;;
Poland;Jobs;Employment rate;;69.0;;A;;PC;Percentage;0;Units;;
Slovak Republic;Jobs;Employment rate;;68.0;;A;;PC;Percentage;0;Units;;
Sweden;Jobs;Employment rate;;75.0;;A;;PC;Percentage;0;Units;;
Türkiye;Jobs;Employment rate;;48.0;;A;;PC;Percentage;0;Units;;
Israel;Jobs;Employment rate;;67.0;;A;;PC;Percentage;0;Units;;
Latvia;Jobs;Employment rate;;72.0;;A;;PC;Percentage;0;Units;;
OECD - Total;Jobs;Employment rate;;66.0;;A;;PC;Percentage;0;Units;;
Italy;Jobs;Employment rate;;67.0;;A;;PC;Percentage;0;Units;;
Norway;Jobs;Employment rate;;77.0;;A;;PC;Percentage;0;Units;;
Poland;Jobs;Employment rate;;76.0;;A;;PC;Percentage;0;Units;;
Spain;Jobs;Employment rate;;67.0;;A;;PC;Percentage;0;Units;;
Brazil;Jobs;Employment rate;;67.0;;A;;PC;Percentage;0;Units;;
Chile;Jobs;Employment rate;;65.0;;A;;PC;Percentage;0;Units;;
Estonia;Jobs;Employment rate;;76.0;;A;;PC;Percentage;0;Units;;
Russia;Jobs;Employment rate;;75.0;;A;;PC;Percentage;0;Units;;
Australia;Jobs;Employment rate;;69.0;;A;;PC;Percentage;0;Units;;
Hungary;Jobs;Employment rate;;62.0;;A;;PC;Percentage;0;Units;;
Chile;Jobs;Employment rate;;47.0;;A;;PC;Percentage;0;Units;;
Latvia;Jobs;Employment rate;;70.0;;A;;PC;Percentage;0;Units;;
Slovenia;Jobs;Employment rate;;68.0;;A;;PC;Percentage;0;Units;;
Canada;Safety;Feeling safe walking alone at night;;78.0;;A;;PC;Percentage;0;Units;;
Luxembourg;Safety;Feeling safe walking alone at night;;87.0;;A;;PC;Percentage;0;Units;;
Poland;Safety;Feeling safe walking alone at night;;71.0;;A;;PC;Percentage;0;Units;;
Spain;Safety;Feeling safe walking alone at night;;80.0;;A;;PC;Percentage;0;Units;;
Sweden;Safety;Feeling safe walking alone at night;;79.0;;A;;PC;Percentage;0;Units;;
Australia;Safety;Feeling safe walking alone at night;;81.0;;A;;PC;Percentage;0;Units;;
Czechia;Safety;Feeling safe walking alone at night;;88.0;;A;;PC;Percentage;0;Units;;
Denmark;Safety;Feeling safe walking alone at night;;94.0;;A;;PC;Percentage;0;Units;;
Germany;Safety;Feeling safe walking alone at night;;83.0;;A;;PC;Percentage;0;Units;;
New Zealand;Safety;Feeling safe walking alone at night;;80.0;;A;;PC;Percentage;0;Units;;
Poland;Safety;Feeling safe walking alone at night;;80.0;;A;;PC;Percentage;0;Units;;
Switzerland;Safety;Feeling safe walking alone at night;;91.0;;A;;PC;Percentage;0;Units;;
South Africa;Safety;Feeling safe walking alone at night;;46.0;;A;;PC;Percentage;0;Units;;
OECD - Total;Safety;Feeling safe walking alone at night;;82.0;;A;;PC;Percentage;0;Units;;
Austria;Safety;Feeling safe walking alone at night;;82.0;;A;;PC;Percentage;0;Units;;
Czechia;Safety;Feeling safe walking alone at night;;67.0;;A;;PC;Percentage;0;Units;;
Hungary;Safety;Feeling safe walking alone at night;;65.0;;A;;PC;Percentage;0;Units;;
Iceland;Safety;Feeling safe walking alone at night;;78.0;;A;;PC;Percentage;0;Units;;
Japan;Safety;Feeling safe walking alone at night;;69.0;;A;;PC;Percentage;0;Units;;
Luxembourg;Safety;Feeling safe walking alone at night;;84.0;;A;;PC;Percentage;0;Units;;
Slovenia;Safety;Feeling safe walking alone at night;;85.0;;A;;PC;Percentage;0;Units;;
OECD - Total;Safety;Feeling safe walking alone at night;;66.0;;A;;PC;Percentage;0;Units;;
Colombia;Safety;Feeling safe walking alone at night;;50.0;;A;;PC;Percentage;0;Units;;
Australia;Safety;Homicide rate;;0.9;;A;;RATIO;Ratio;0;Units;;
Canada;Safety;Homicide rate;;1.2;;A;;RATIO;Ratio;0;Units;;
Czechia;Safety;Homicide rate;;0.7;;A;;RATIO;Ratio;0;Units;;
Finland;Safety;Homicide rate;;1.2;;A;;RATIO;Ratio;0;Units;;
Poland;Safety;Homicide rate;;0.5;;A;;RATIO;Ratio;0;Units;;
Portugal;Safety;Homicide rate;;0.7;;A;;RATIO;Ratio;0;Units;;
Brazil;Safety;Homicide rate;;19.0;;A;;RATIO;Ratio;0;Units;;
Slovenia;Safety;Homicide rate;;0.4;;A;;RATIO;Ratio;0;Units;;
Belgium;Safety;Homicide rate;;1.4;;A;;RATIO;Ratio;0;Units;;
Iceland;Safety;Homicide rate;;0.5;;A;;RATIO;Ratio;0;Units;;
Luxembourg;Safety;Homicide rate;;0.3;;A;;RATIO;Ratio;0;Units;;
Poland;Safety;Homicide rate;;0.8;;A;;RATIO;Ratio;0;Units;;
Sweden;Safety;Homicide rate;;1.5;;A;;RATIO;Ratio;0;Units;;
Brazil;Safety;Homicide rate;;35.5;;A;;RATIO;Ratio;0;Units;;
Chile;Safety;Homicide rate;;4.2;;A;;RATIO;Ratio;0;Units;;
Australia;Safety;Homicide rate;;0.6;;A;;RATIO;Ratio;0;Units;;
Norway;Safety;Homicide rate;;0.5;;A;;RATIO;Ratio;0;Units;;
Switzerland;Safety;Homicide rate;;0.3;;A;;RATIO;Ratio;0;Units;;
Estonia;Safety;Homicide rate;;0.6;;A;;RATIO;Ratio;0;Units;;
Lithuania;Safety;Homicide rate;;2.5;;A;;RATIO;Ratio;0;Units;;
Colombia;Safety;Homicide rate;;43.0;;A;;RATIO;Ratio;0;Units;;
Costa Rica;Safety;Homicide rate;;1.8;;A;;RATIO;Ratio;0;Units;;
Australia;Income;Household net adjusted disposable income;;37433.0;;A;;USD;US Dollar;0;Units;;
Luxembourg;Income;Household net adjusted disposable income;;44773.0;;A;;USD;US Dollar;0;Units;;
Mexico;Income;Household net adjusted disposable income;;16269.0;;A;;USD;US Dollar;0;Units;;
Netherlands;Income;Household net adjusted disposable income;;34984.0;;A;;USD;US Dollar;0;Units;;
Slovak Republic;Income;Household net adjusted disposable income;;21149.0;;A;;USD;US Dollar;0;Units;;
Australia;Income;Household net wealth;;528768.0;;A;;USD;US Dollar;0;Units;;
Canada;Income;Household net wealth;;478240.0;;A;;USD;US Dollar;0;Units;;
Denmark;Income;Household net wealth;;149864.0;;A;;USD;US Dollar;0;Units;;
France;Income;Household net wealth;;298639.0;;A;;USD;US Dollar;0;Units;;
Norway;Income;Household net wealth;;268358.0;;A;;USD;US Dollar;0;Units;;
Poland;Income;Household net wealth;;233221.0;;A;;USD;US Dollar;0;Units;;
Slovak Republic;Income;Household net wealth;;171425.0;;A;;USD;US Dollar;0;Units;;
Spain;Income;Household net wealth;;366534.0;;A;;USD;US Dollar;0;Units;;
United Kingdom;Income;Household net wealth;;524422.0;;A;;USD;US Dollar;0;Units;;
Slovenia;Income;Household net wealth;;233286.0;;A;;USD;US Dollar;0;Units;;
Austria;Housing;Housing expenditure;;20.8;;A;;PC;Percentage;0;Units;;
Finland;Housing;Housing expenditure;;23.1;;A;;PC;Percentage;0;Units;;
Germany;Housing;Housing expenditure;;20.0;;A;;PC;Percentage;0;Units;;
Norway;Housing;Housing expenditure;;17.7;;A;;PC;Percentage;0;Units;;
Sweden;Housing;Housing expenditure;;20.1;;A;;PC;Percentage;0;Units;;
Türkiye;Housing;Housing expenditure;;18.9;;A;;PC;Percentage;0;Units;;
United States;Housing;Housing expenditure;;18.3;;A;;PC;Percentage;0;Units;;
Chile;Housing;Housing expenditure;;18.4;;A;;PC;Percentage;0;Units;;
Estonia;Housing;Housing expenditure;;17.0;;A;;PC;Percentage;0;Units;;
Slovenia;Housing;Housing expenditure;;18.2;;A;;PC;Percentage;0;Units;;
Canada;Jobs;Labour market insecurity;;3.8;;A;;PC;Percentage;0;Units;;
Denmark;Jobs;Labour market insecurity;;4.5;;A;;PC;Percentage;0;Units;;
Germany;Jobs;Labour market insecurity;;1.4;;A;;PC;Percentage;0;Units;;
Ireland;Jobs;Labour market insecurity;;2.6;;A;;PC;Percentage;0;Units;;
Italy;Jobs;Labour market insecurity;;8.6;;A;;PC;Percentage;0;Units;;
Korea;Jobs;Labour market insecurity;;2.9;;A;;PC;Percentage;0;Units;;
Luxembourg;Jobs;Labour market insecurity;;2.2;;A;;PC;Percentage;0;Units;;
Slovak Republic;Jobs;Labour market insecurity;;8.8;;A;;PC;Percentage;0;Units;;
United Kingdom;Jobs;Labour market insecurity;;3.3;;A;;PC;Percentage;0;Units;;
Chile;Jobs;Labour market insecurity;;7.0;;A;;PC;Percentage;0;Units;;
Czechia;Health;Life expectancy;;79.3;;A;;YR;Years;0;Units;;
Finland;Health;Life expectancy;;82.1;;A;;YR;Years;0;Units;;
France;Health;Life expectancy;;82.9;;A;;YR;Years;0;Units;;
Italy;Health;Life expectancy;;83.6;;A;;YR;Years;0;Units;;
Netherlands;Health;Life expectancy;;82.2;;A;;YR;Years;0;Units;;
Norway;Health;Life expectancy;;83.0;;A;;YR;Years;0;Units;;
Israel;Health;Life expectancy;;82.9;;A;;YR;Years;0;Units;;
Slovenia;Health;Life expectancy;;81.6;;A;;YR;Years;0;Units;;
Austria;Health;Life expectancy;;79.7;;A;;YR;Years;0;Units;;
Germany;Health;Life expectancy;;79.0;;A;;YR;Years;0;Units;;
Iceland;Health;Life expectancy;;81.7;;A;;YR;Years;0;Units;;
Ireland;Health;Life expectancy;;80.8;;A;;YR;Years;0;Units;;
Luxembourg;Health;Life expectancy;;80.2;;A;;YR;Years;0;Units;;
Switzerland;Health;Life expectancy;;82.1;;A;;YR;Years;0;Units;;
Türkiye;Health;Life expectancy;;75.9;;A;;YR;Years;0;Units;;
Latvia;Health;Life expectancy;;70.9;;A;;YR;Years;0;Units;;
Slovenia;Health;Life expectancy;;78.7;;A;;YR;Years;0;Units;;
Hungary;Health;Life expectancy;;79.7;;A;;YR;Years;0;Units;;
Italy;Health;Life expectancy;;85.7;;A;;YR;Years;0;Units;;
Luxembourg;Health;Life expectancy;;85.2;;A;;YR;Years;0;Units;;
Netherlands;Health;Life expectancy;;83.7;;A;;YR;Years;0;Units;;
Norway;Health;Life expectancy;;84.7;;A;;YR;Years;0;Units;;
Portugal;Health;Life expectancy;;84.8;;A;;YR;Years;0;Units;;
Israel;Health;Life expectancy;;84.8;;A;;YR;Years;0;Units;;
Colombia;Health;Life expectancy;;73.5;;A;;YR;Years;0;Units;;
Costa Rica;Health;Life expectancy;;83.0;;A;;YR;Years;0;Units;;
Iceland;Life Satisfaction;Life satisfaction;;7.6;;A;;AVSCORE;Average score;0;Units;;
Mexico;Life Satisfaction;Life satisfaction;;6.0;;A;;AVSCORE;Average score;0;Units;;
Portugal;Life Satisfaction;Life satisfaction;;5.8;;A;;AVSCORE;Average score;0;Units;;
Türkiye;Life Satisfaction;Life satisfaction;;4.9;;A;;AVSCORE;Average score;0;Units;;
Brazil;Life Satisfaction;Life satisfaction;;6.1;;A;;AVSCORE;Average score;0;Units;;
Belgium;Life Satisfaction;Life satisfaction;;6.9;;A;;AVSCORE;Average score;0;Units;;
Japan;Life Satisfaction;Life satisfaction;;5.9;;A;;AVSCORE;Average score;0;Units;;
Mexico;Life Satisfaction;Life satisfaction;;6.3;;A;;AVSCORE;Average score;0;Units;;
Netherlands;Life Satisfaction;Life satisfaction;;7.6;;A;;AVSCORE;Average score;0;Units;;
New Zealand;Life Satisfaction;Life satisfaction;;7.1;;A;;AVSCORE;Average score;0;Units;;
United States;Life Satisfaction;Life satisfaction;;7.0;;A;;AVSCORE;Average score;0;Units;;
Brazil;Life Satisfaction;Life satisfaction;;6.2;;A;;AVSCORE;Average score;0;Units;;
Latvia;Life Satisfaction;Life satisfaction;;6.3;;A;;AVSCORE;Average score;0;Units;;
Australia;Life Satisfaction;Life satisfaction;;7.2;;A;;AVSCORE;Average score;0;Units;;
Finland;Life Satisfaction;Life satisfaction;;8.1;;A;;AVSCORE;Average score;0;Units;;
Ireland;Life Satisfaction;Life satisfaction;;7.2;;A;;AVSCORE;Average score;0;Units;;
Japan;Life Satisfaction;Life satisfaction;;6.3;;A;;AVSCORE;Average score;0;Units;;
Korea;Life Satisfaction;Life satisfaction;;6.2;;A;;AVSCORE;Average score;0;Units;;
Sweden;Life Satisfaction;Life satisfaction;;7.3;;A;;AVSCORE;Average score;0;Units;;
United States;Life Satisfaction;Life satisfaction;;7.1;;A;;AVSCORE;Average score;0;Units;;
Slovenia;Life Satisfaction;Life satisfaction;;6.4;;A;;AVSCORE;Average score;0;Units;;
Canada;Life Satisfaction;Life satisfaction;;7.3;;A;;AVSCORE;Average score;0;Units;;
Greece;Life Satisfaction;Life satisfaction;;6.5;;A;;AVSCORE;Average score;0;Units;;
Iceland;Life Satisfaction;Life satisfaction;;7.8;;A;;AVSCORE;Average score;0;Units;;
Luxembourg;Life Satisfaction;Life satisfaction;;7.8;;A;;AVSCORE;Average score;0;Units;;
Mexico;Life Satisfaction;Life satisfaction;;7.0;;A;;AVSCORE;Average score;0;Units;;
Netherlands;Life Satisfaction;Life satisfaction;;7.8;;A;;AVSCORE;Average score;0;Units;;
Slovak Republic;Life Satisfaction;Life satisfaction;;6.9;;A;;AVSCORE;Average score;0;Units;;
Switzerland;Life Satisfaction;Life satisfaction;;7.6;;A;;AVSCORE;Average score;0;Units;;
Israel;Life Satisfaction;Life satisfaction;;7.5;;A;;AVSCORE;Average score;0;Units;;
Germany;Life Satisfaction;Life satisfaction;;7.2;;A;;AVSCORE;Average score;0;Units;;
Hungary;Life Satisfaction;Life satisfaction;;6.0;;A;;AVSCORE;Average score;0;Units;;
Japan;Life Satisfaction;Life satisfaction;;6.1;;A;;AVSCORE;Average score;0;Units;;
Korea;Life Satisfaction;Life satisfaction;;5.5;;A;;AVSCORE;Average score;0;Units;;
Mexico;Life Satisfaction;Life satisfaction;;6.2;;A;;AVSCORE;Average score;0;Units;;
Portugal;Life Satisfaction;Life satisfaction;;6.0;;A;;AVSCORE;Average score;0;Units;;
United Kingdom;Life Satisfaction;Life satisfaction;;6.7;;A;;AVSCORE;Average score;0;Units;;
United States;Life Satisfaction;Life satisfaction;;6.9;;A;;AVSCORE;Average score;0;Units;;
Brazil;Life Satisfaction;Life satisfaction;;6.4;;A;;AVSCORE;Average score;0;Units;;
South Africa;Life Satisfaction;Life satisfaction;;4.9;;A;;AVSCORE;Average score;0;Units;;
Lithuania;Life Satisfaction;Life satisfaction;;6.4;;A;;AVSCORE;Average score;0;Units;;
Lithuania;Life Satisfaction;Life satisfaction;;7.2;;A;;AVSCORE;Average score;0;Units;;
Costa Rica;Life Satisfaction;Life satisfaction;;6.3;;A;;AVSCORE;Average score;0;Units;;
Finland;Jobs;Long-term unemployment rate;;1.2;;A;;PC;Percentage;0;Units;;
Ireland;Jobs;Long-term unemployment rate;;1.2;;A;;PC;Percentage;0;Units;;
United Kingdom;Jobs;Long-term unemployment rate;;0.9;;A;;PC;Percentage;0;Units;;
Slovenia;Jobs;Long-term unemployment rate;;1.9;;A;;PC;Percentage;0;Units;;
Australia;Jobs;Long-term unemployment rate;;1.0;;A;;PC;Percentage;0;Units;;
Denmark;Jobs;Long-term unemployment rate;;0.7;;A;;PC;Percentage;0;Units;;
Germany;Jobs;Long-term unemployment rate;;1.4;;A;;PC;Percentage;0;Units;;
Greece;Jobs;Long-term unemployment rate;;8.8;;A;;PC;Percentage;0;Units;;
Hungary;Jobs;Long-term unemployment rate;;1.2;;A;;PC;Percentage;0;Units;;
Türkiye;Jobs;Long-term unemployment rate;;2.5;;A;;PC;Percentage;0;Units;;
Estonia;Jobs;Long-term unemployment rate;;1.3;;A;;PC;Percentage;0;Units;;
Latvia;Jobs;Long-term unemployment rate;;2.7;;A;;PC;Percentage;0;Units;;
Slovenia;Jobs;Long-term unemployment rate;;1.5;;A;;PC;Percentage;0;Units;;
Mexico;Jobs;Long-term unemployment rate;;0.1;;A;;PC;Percentage;0;Units;;
New Zealand;Jobs;Long-term unemployment rate;;0.4;;A;;PC;Percentage;0;Units;;
Norway;Jobs;Long-term unemployment rate;;0.8;;A;;PC;Percentage;0;Units;;
Türkiye;Jobs;Long-term unemployment rate;;4.9;;A;;PC;Percentage;0;Units;;
United Kingdom;Jobs;Long-term unemployment rate;;0.7;;A;;PC;Percentage;0;Units;;
United States;Jobs;Long-term unemployment rate;;0.4;;A;;PC;Percentage;0;Units;;
Lithuania;Jobs;Long-term unemployment rate;;2.4;;A;;PC;Percentage;0;Units;;
Belgium;Jobs;Personal earnings;;54327.0;;A;;USD;US Dollar;0;Units;;
Iceland;Jobs;Personal earnings;;67488.0;;A;;USD;US Dollar;0;Units;;
Slovak Republic;Jobs;Personal earnings;;23619.0;;A;;USD;US Dollar;0;Units;;
Estonia;Jobs;Personal earnings;;30720.0;;A;;USD;US Dollar;0;Units;;
Slovenia;Jobs;Personal earnings;;41445.0;;A;;USD;US Dollar;0;Units;;
Italy;Community;Quality of support network;;89.0;;A;;PC;Percentage;0;Units;;
Korea;Community;Quality of support network;;74.0;;A;;PC;Percentage;0;Units;;
Portugal;Community;Quality of support network;;88.0;;A;;PC;Percentage;0;Units;;
Sweden;Community;Quality of support network;;94.0;;A;;PC;Percentage;0;Units;;
Belgium;Community;Quality of support network;;87.0;;A;;PC;Percentage;0;Units;;
Greece;Community;Quality of support network;;79.0;;A;;PC;Percentage;0;Units;;
United States;Community;Quality of support network;;94.0;;A;;PC;Percentage;0;Units;;
Latvia;Community;Quality of support network;;94.0;;A;;PC;Percentage;0;Units;;
OECD - Total;Community;Quality of support network;;92.0;;A;;PC;Percentage;0;Units;;
Belgium;Community;Quality of support network;;94.0;;A;;PC;Percentage;0;Units;;
Germany;Community;Quality of support network;;91.0;;A;;PC;Percentage;0;Units;;
Greece;Community;Quality of support network;;86.0;;A;;PC;Percentage;0;Units;;
Iceland;Community;Quality of support network;;99.0;;A;;PC;Percentage;0;Units;;
Ireland;Community;Quality of support network;;96.0;;A;;PC;Percentage;0;Units;;
Mexico;Community;Quality of support network;;86.0;;A;;PC;Percentage;0;Units;;
Poland;Community;Quality of support network;;98.0;;A;;PC;Percentage;0;Units;;
United States;Community;Quality of support network;;96.0;;A;;PC;Percentage;0;Units;;
Czechia;Community;Quality of support network;;96.0;;A;;PC;Percentage;0;Units;;
Finland;Community;Quality of support network;;97.0;;A;;PC;Percentage;0;Units;;
Germany;Community;Quality of support network;;90.0;;A;;PC;Percentage;0;Units;;
Italy;Community;Quality of support network;;91.0;;A;;PC;Percentage;0;Units;;
Mexico;Community;Quality of support network;;81.0;;A;;PC;Percentage;0;Units;;
Sweden;Community;Quality of support network;;93.0;;A;;PC;Percentage;0;Units;;
Estonia;Community;Quality of support network;;93.0;;A;;PC;Percentage;0;Units;;
Australia;Community;Quality of support network;;96.0;;A;;PC;Percentage;0;Units;;
Colombia;Community;Quality of support network;;76.0;;A;;PC;Percentage;0;Units;;
Costa Rica;Community;Quality of support network;;90.0;;A;;PC;Percentage;0;Units;;
Canada;Housing;Rooms per person;;2.6;;A;;RATIO;Ratio;0;Units;;
France;Housing;Rooms per person;;1.8;;A;;RATIO;Ratio;0;Units;;
Germany;Housing;Rooms per person;;1.8;;A;;RATIO;Ratio;0;Units;;
Luxembourg;Housing;Rooms per person;;2.0;;A;;RATIO;Ratio;0;Units;;
Netherlands;Housing;Rooms per person;;2.0;;A;;RATIO;Ratio;0;Units;;
Norway;Housing;Rooms per person;;2.1;;A;;RATIO;Ratio;0;Units;;
Slovak Republic;Housing;Rooms per person;;1.1;;A;;RATIO;Ratio;0;Units;;
Türkiye;Housing;Rooms per person;;1.0;;A;;RATIO;Ratio;0;Units;;
Chile;Housing;Rooms per person;;1.9;;A;;RATIO;Ratio;0;Units;;
Latvia;Housing;Rooms per person;;1.2;;A;;RATIO;Ratio;0;Units;;
Greece;Health;Self-reported health;;79.0;;A;;PC;Percentage;0;Units;;
Netherlands;Health;Self-reported health;;75.0;;A;;PC;Percentage;0;Units;;
New Zealand;Health;Self-reported health;;86.0;;A;;PC;Percentage;0;Units;;
Norway;Health;Self-reported health;;75.0;;A;;PC;Percentage;0;Units;;
Türkiye;Health;Self-reported health;;67.0;;A;;PC;Percentage;0;Units;;
OECD - Total;Health;Self-reported health;;68.0;;A;;PC;Percentage;0;Units;;
Mexico;Health;Self-reported health;;67.0;;A;;PC;Percentage;0;Units;;
New Zealand;Health;Self-reported health;;87.0;;A;;PC;Percentage;0;Units;;
Sweden;Health;Self-reported health;;79.0;;A;;PC;Percentage;0;Units;;
Belgium;Health;Self-reported health;;72.0;;A;;PC;Percentage;0;Units;;
Denmark;Health;Self-reported health;;67.0;;A;;PC;Percentage;0;Units;;
Finland;Health;Self-reported health;;68.0;;A;;PC;Percentage;0;Units;;
France;Health;Self-reported health;;65.0;;A;;PC;Percentage;0;Units;;
Germany;Health;Self-reported health;;65.0;;A;;PC;Percentage;0;Units;;
Greece;Health;Self-reported health;;77.0;;A;;PC;Percentage;0;Units;;
Italy;Health;Self-reported health;;70.0;;A;;PC;Percentage;0;Units;;
Japan;Health;Self-reported health;;35.0;;A;;PC;Percentage;0;Units;;
Korea;Health;Self-reported health;;30.0;;A;;PC;Percentage;0;Units;;
Sweden;Health;Self-reported health;;73.0;;A;;PC;Percentage;0;Units;;
Switzerland;Health;Self-reported health;;79.0;;A;;PC;Percentage;0;Units;;
Türkiye;Health;Self-reported health;;62.0;;A;;PC;Percentage;0;Units;;
United States;Health;Self-reported health;;87.0;;A;;PC;Percentage;0;Units;;
Latvia;Health;Self-reported health;;43.0;;A;;PC;Percentage;0;Units;;
Russia;Health;Self-reported health;;38.0;;A;;PC;Percentage;0;Units;;
OECD - Total;Health;Self-reported health;;66.0;;A;;PC;Percentage;0;Units;;
Austria;Health;Self-reported health;;83.0;;A;;PC;Percentage;0;Units;;
Belgium;Health;Self-reported health;;87.0;;A;;PC;Percentage;0;Units;;
Canada;Health;Self-reported health;;93.0;;A;;PC;Percentage;0;Units;;
Korea;Health;Self-reported health;;40.0;;A;;PC;Percentage;0;Units;;
Luxembourg;Health;Self-reported health;;76.0;;A;;PC;Percentage;0;Units;;
Latvia;Health;Self-reported health;;69.0;;A;;PC;Percentage;0;Units;;
Germany;Health;Self-reported health;;49.0;;A;;PC;Percentage;0;Units;;
Iceland;Health;Self-reported health;;66.0;;A;;PC;Percentage;0;Units;;
Luxembourg;Health;Self-reported health;;65.0;;A;;PC;Percentage;0;Units;;
Sweden;Health;Self-reported health;;65.0;;A;;PC;Percentage;0;Units;;
United Kingdom;Health;Self-reported health;;62.0;;A;;PC;Percentage;0;Units;;
United States;Health;Self-reported health;;71.0;;A;;PC;Percentage;0;Units;;
Estonia;Health;Self-reported health;;33.0;;A;;PC;Percentage;0;Units;;
Lithuania;Health;Self-reported health;;52.0;;A;;PC;Percentage;0;Units;;
Austria;Civic Engagement;Stakeholder engagement for developing regulations;;1.3;;A;;AVSCORE;Average score;0;Units;;
France;Civic Engagement;Stakeholder engagement for developing regulations;;2.1;;A;;AVSCORE;Average score;0;Units;;
Hungary;Civic Engagement;Stakeholder engagement for developing regulations;;1.2;;A;;AVSCORE;Average score;0;Units;;
Netherlands;Civic Engagement;Stakeholder engagement for developing regulations;;2.6;;A;;AVSCORE;Average score;0;Units;;
Norway;Civic Engagement;Stakeholder engagement for developing regulations;;2.2;;A;;AVSCORE;Average score;0;Units;;
Sweden;Civic Engagement;Stakeholder engagement for developing regulations;;2.0;;A;;AVSCORE;Average score;0;Units;;
Switzerland;Civic Engagement;Stakeholder engagement for developing regulations;;2.3;;A;;AVSCORE;Average score;0;Units;;
OECD - Total;Civic Engagement;Stakeholder engagement for developing regulations;;2.1;;A;;AVSCORE;Average score;0;Units;;
Canada;Education;Student skills;;517.0;;A;;AVSCORE;Average score;0;Units;;
Denmark;Education;Student skills;;501.0;;A;;AVSCORE;Average score;0;Units;;
France;Education;Student skills;;494.0;;A;;AVSCORE;Average score;0;Units;;
Iceland;Education;Student skills;;481.0;;A;;AVSCORE;Average score;0;Units;;
Poland;Education;Student skills;;513.0;;A;;AVSCORE;Average score;0;Units;;
United States;Education;Student skills;;495.0;;A;;AVSCORE;Average score;0;Units;;
Estonia;Education;Student skills;;526.0;;A;;AVSCORE;Average score;0;Units;;
Russia;Education;Student skills;;481.0;;A;;AVSCORE;Average score;0;Units;;
Slovenia;Education;Student skills;;504.0;;A;;AVSCORE;Average score;0;Units;;
OECD - Total;Education;Student skills;;488.0;;A;;AVSCORE;Average score;0;Units;;
Belgium;Education;Student skills;;499.0;;A;;AVSCORE;Average score;0;Units;;
Canada;Education;Student skills;;512.0;;A;;AVSCORE;Average score;0;Units;;
Hungary;Education;Student skills;;477.0;;A;;AVSCORE;Average score;0;Units;;
Italy;Education;Student skills;;476.0;;A;;AVSCORE;Average score;0;Units;;
Mexico;Education;Student skills;;418.0;;A;;AVSCORE;Average score;0;Units;;
Portugal;Education;Student skills;;490.0;;A;;AVSCORE;Average score;0;Units;;
Switzerland;Education;Student skills;;494.0;;A;;AVSCORE;Average score;0;Units;;
Slovenia;Education;Student skills;;495.0;;A;;AVSCORE;Average score;0;Units;;
Australia;Education;Student skills;;503.0;;A;;AVSCORE;Average score;0;Units;;
Canada;Education;Student skills;;521.0;;A;;AVSCORE;Average score;0;Units;;
Luxembourg;Education;Student skills;;481.0;;A;;AVSCORE;Average score;0;Units;;
Slovak Republic;Education;Student skills;;475.0;;A;;AVSCORE;Average score;0;Units;;
United Kingdom;Education;Student skills;;504.0;;A;;AVSCORE;Average score;0;Units;;
Brazil;Education;Student skills;;403.0;;A;;AVSCORE;Average score;0;Units;;
Czechia;Education;Student skills;;544.0;;A;;AVSCORE;Average score;0;Units;;
Greece;Education;Student skills;;502.0;;A;;AVSCORE;Average score;0;Units;;
Japan;Education;Student skills;;537.0;;A;;AVSCORE;Average score;0;Units;;
Luxembourg;Education;Student skills;;537.0;;A;;AVSCORE;Average score;0;Units;;
New Zealand;Education;Student skills;;558.0;;A;;AVSCORE;Average score;0;Units;;
United Kingdom;Education;Student skills;;550.0;;A;;AVSCORE;Average score;0;Units;;
Latvia;Education;Student skills;;512.0;;A;;AVSCORE;Average score;0;Units;;
Belgium;Education;Student skills;;440.0;;A;;AVSCORE;Average score;0;Units;;
Ireland;Education;Student skills;;482.0;;A;;AVSCORE;Average score;0;Units;;
Slovak Republic;Education;Student skills;;404.0;;A;;AVSCORE;Average score;0;Units;;
Türkiye;Education;Student skills;;437.0;;A;;AVSCORE;Average score;0;Units;;
Brazil;Education;Student skills;;373.0;;A;;AVSCORE;Average score;0;Units;;
Lithuania;Education;Student skills;;480.0;;A;;AVSCORE;Average score;0;Units;;
Colombia;Education;Student skills;;409.0;;A;;AVSCORE;Average score;0;Units;;
Lithuania;Education;Student skills;;488.0;;A;;AVSCORE;Average score;0;Units;;
Colombia;Education;Student skills;;459.0;;A;;AVSCORE;Average score;0;Units;;
Costa Rica;Education;Student skills;;417.0;;A;;AVSCORE;Average score;0;Units;;
Austria;Work-Life Balance;Time devoted to leisure and personal care;;14.51;;A;;HOUR;Hours;0;Units;;
Belgium;Work-Life Balance;Time devoted to leisure and personal care;;15.52;;A;;HOUR;Hours;0;Units;;
Japan;Work-Life Balance;Time devoted to leisure and personal care;;14.1;;A;;HOUR;Hours;0;Units;;
Australia;Work-Life Balance;Time devoted to leisure and personal care;;14.8;;A;;HOUR;Hours;0;Units;;
New Zealand;Work-Life Balance;Time devoted to leisure and personal care;;14.6;;A;;HOUR;Hours;0;Units;;
Poland;Work-Life Balance;Time devoted to leisure and personal care;;14.9;;A;;HOUR;Hours;0;Units;;
Finland;Work-Life Balance;Time devoted to leisure and personal care;;15.05;;A;;HOUR;Hours;0;Units;;
France;Work-Life Balance;Time devoted to leisure and personal care;;15.92;;A;;HOUR;Hours;0;Units;;
Hungary;Work-Life Balance;Time devoted to leisure and personal care;;14.55;;A;;HOUR;Hours;0;Units;;
Korea;Work-Life Balance;Time devoted to leisure and personal care;;14.47;;A;;HOUR;Hours;0;Units;;
Spain;Work-Life Balance;Time devoted to leisure and personal care;;15.26;;A;;HOUR;Hours;0;Units;;
Türkiye;Work-Life Balance;Time devoted to leisure and personal care;;14.07;;A;;HOUR;Hours;0;Units;;
Denmark;Civic Engagement;Voter turnout;;85.0;;A;;PC;Percentage;0;Units;;
France;Civic Engagement;Voter turnout;;75.0;;A;;PC;Percentage;0;Units;;
New Zealand;Civic Engagement;Voter turnout;;82.0;;A;;PC;Percentage;0;Units;;
Slovak Republic;Civic Engagement;Voter turnout;;66.0;;A;;PC;Percentage;0;Units;;
Lithuania;Civic Engagement;Voter turnout;;57.0;;A;;PC;Percentage;0;Units;;
Costa Rica;Civic Engagement;Voter turnout;;66.0;;A;;PC;Percentage;0;Units;;
Germany;Enviroment;Water quality;;91.0;;A;;PC;Percentage;0;Units;;
Greece;Enviroment;Water quality;;67.0;;A;;PC;Percentage;0;Units;;
Ireland;Enviroment;Water quality;;80.0;;A;;PC;Percentage;0;Units;;
Italy;Enviroment;Water quality;;77.0;;A;;PC;Percentage;0;Units;;
Slovak Republic;Enviroment;Water quality;;81.0;;A;;PC;Percentage;0;Units;;
Chile;Enviroment;Water quality;;62.0;;A;;PC;Percentage;0;Units;;
Iceland;Enviroment;Water quality;;98.0;;A;;PC;Percentage;0;Units;;
Israel;Enviroment;Water quality;;74.0;;A;;PC;Percentage;0;Units;;
Slovenia;Enviroment;Water quality;;95.0;;A;;PC;Percentage;0;Units;;
OECD - Total;Enviroment;Water quality;;85.0;;A;;PC;Percentage;0;Units;;
Australia;Enviroment;Water quality;;91.0;;A;;PC;Percentage;0;Units;;
Austria;Enviroment;Water quality;;92.0;;A;;PC;Percentage;0;Units;;
Finland;Enviroment;Water quality;;97.0;;A;;PC;Percentage;0;Units;;
Luxembourg;Enviroment;Water quality;;85.0;;A;;PC;Percentage;0;Units;;
Chile;Enviroment;Water quality;;60.0;;A;;PC;Percentage;0;Units;;
Colombia;Enviroment;Water quality;;83.0;;A;;PC;Percentage;0;Units;;
Lithuania;Enviroment;Water quality;;81.0;;A;;PC;Percentage;0;Units;;
Hungary;Education;Years in education;;16.0;;A;;YR;Years;0;Units;;
Mexico;Education;Years in education;;15.0;;A;;YR;Years;0;Units;;
Poland;Education;Years in education;;17.0;;A;;YR;Years;0;Units;;
Latvia;Education;Years in education;;18.0;;A;;YR;Years;0;Units;;
OECD - Total;Education;Years in education;;17.0;;A;;YR;Years;0;Units;;
Czechia;Education;Years in education;;18.0;;A;;YR;Years;0;Units;;
Denmark;Education;Years in education;;20.0;;A;;YR;Years;0;Units;;
Luxembourg;Education;Years in education;;15.0;;A;;YR;Years;0;Units;;
Mexico;Education;Years in education;;16.0;;A;;YR;Years;0;Units;;
Sweden;Education;Years in education;;20.0;;A;;YR;Years;0;Units;;
Türkiye;Education;Years in education;;18.0;;A;;YR;Years;0;Units;;
United Kingdom;Education;Years in education;;17.0;;A;;YR;Years;0;Units;;
Brazil;Education;Years in education;;16.0;;A;;YR;Years;0;Units;;
Estonia;Education;Years in education;;18.0;;A;;YR;Years;0;Units;;
Lithuania;Education;Years in education;;19.0;;A;;YR;Years;0;Units;;
Finland;Enviroment;Air pollution;;5.5;;A;;MICRO_M3;Micrograms per cubic metre;0;Units;;
Germany;Enviroment;Air pollution;;12.0;;A;;MICRO_M3;Micrograms per cubic metre;0;Units;;
Hungary;Enviroment;Air pollution;;16.7;;A;;MICRO_M3;Micrograms per cubic metre;0;Units;;
Korea;Enviroment;Air pollution;;27.3;;A;;MICRO_M3;Micrograms per cubic metre;0;Units;;
Luxembourg;Enviroment;Air pollution;;10.0;;A;;MICRO_M3;Micrograms per cubic metre;0;Units;;
Portugal;Enviroment;Air pollution;;8.3;;A;;MICRO_M3;Micrograms per cubic metre;0;Units;;
Sweden;Enviroment;Air pollution;;5.8;;A;;MICRO_M3;Micrograms per cubic metre;0;Units;;
Türkiye;Enviroment;Air pollution;;27.1;;A;;MICRO_M3;Micrograms per cubic metre;0;Units;;
United States;Enviroment;Air pollution;;7.7;;A;;MICRO_M3;Micrograms per cubic metre;0;Units;;
Slovenia;Enviroment;Air pollution;;17.0;;A;;MICRO_M3;Micrograms per cubic metre;0;Units;;
South Africa;Enviroment;Air pollution;;28.5;;A;;MICRO_M3;Micrograms per cubic metre;0;Units;;
Lithuania;Enviroment;Air pollution;;10.5;;A;;MICRO_M3;Micrograms per cubic metre;0;Units;;
Austria;Housing;Dwellings without basic facilities;;0.8;;A;;PC;Percentage;0;Units;;
France;Housing;Dwellings without basic facilities;;0.5;;A;;PC;Percentage;0;Units;;
Portugal;Housing;Dwellings without basic facilities;;0.9;;A;;PC;Percentage;0;Units;;
South Africa;Housing;Dwellings without basic facilities;;35.9;;A;;PC;Percentage;0;Units;;
Iceland;Education;Educational attainment;;76.0;;A;;PC;Percentage;0;Units;;
Ireland;Education;Educational attainment;;85.0;;A;;PC;Percentage;0;Units;;
Sweden;Education;Educational attainment;;84.0;;A;;PC;Percentage;0;Units;;
Estonia;Education;Educational attainment;;91.0;;A;;PC;Percentage;0;Units;;
Russia;Education;Educational attainment;;95.0;;A;;PC;Percentage;0;Units;;
Slovenia;Education;Educational attainment;;90.0;;A;;PC;Percentage;0;Units;;
Finland;Education;Educational attainment;;89.0;;A;;PC;Percentage;0;Units;;
Ireland;Education;Educational attainment;;83.0;;A;;PC;Percentage;0;Units;;
United States;Education;Educational attainment;;91.0;;A;;PC;Percentage;0;Units;;
Hungary;Education;Educational attainment;;84.0;;A;;PC;Percentage;0;Units;;
Ireland;Education;Educational attainment;;88.0;;A;;PC;Percentage;0;Units;;
Netherlands;Education;Educational attainment;;81.0;;A;;PC;Percentage;0;Units;;
Sweden;Education;Educational attainment;;85.0;;A;;PC;Percentage;0;Units;;
South Africa;Education;Educational attainment;;48.0;;A;;PC;Percentage;0;Units;;
OECD - Total;Education;Educational attainment;;80.0;;A;;PC;Percentage;0;Units;;
Colombia;Education;Educational attainment;;56.0;;A;;PC;Percentage;0;Units;;
Colombia;Education;Educational attainment;;61.0;;A;;PC;Percentage;0;Units;;
Lithuania;Education;Educational attainment;;96.0;;A;;PC;Percentage;0;Units;;
Austria;Work-Life Balance;Employees working very long hours;;5.3;;A;;PC;Percentage;0;Units;;
Belgium;Work-Life Balance;Employees working very long hours;;4.3;;A;;PC;Percentage;0;Units;;
Czechia;Work-Life Balance;Employees working very long hours;;4.5;;A;;PC;Percentage;0;Units;;
Ireland;Work-Life Balance;Employees working very long hours;;4.7;;A;;PC;Percentage;0;Units;;
Italy;Work-Life Balance;Employees working very long hours;;3.3;;A;;PC;Percentage;0;Units;;
Mexico;Work-Life Balance;Employees working very long hours;;27.0;;A;;PC;Percentage;0;Units;;
Norway;Work-Life Balance;Employees working very long hours;;1.4;;A;;PC;Percentage;0;Units;;
Chile;Work-Life Balance;Employees working very long hours;;7.7;;A;;PC;Percentage;0;Units;;
Estonia;Work-Life Balance;Employees working very long hours;;2.2;;A;;PC;Percentage;0;Units;;
Slovenia;Work-Life Balance;Employees working very long hours;;5.6;;A;;PC;Percentage;0;Units;;
France;Work-Life Balance;Employees working very long hours;;10.2;;A;;PC;Percentage;0;Units;;
Mexico;Work-Life Balance;Employees working very long hours;;33.0;;A;;PC;Percentage;0;Units;;
Netherlands;Work-Life Balance;Employees working very long hours;;0.6;;A;;PC;Percentage;0;Units;;
Norway;Work-Life Balance;Employees working very long hours;;2.1;;A;;PC;Percentage;0;Units;;
Portugal;Work-Life Balance;Employees working very long hours;;8.1;;A;;PC;Percentage;0;Units;;
Sweden;Work-Life Balance;Employees working very long hours;;1.3;;A;;PC;Percentage;0;Units;;
United Kingdom;Work-Life Balance;Employees working very long hours;;15.3;;A;;PC;Percentage;0;Units;;
Israel;Work-Life Balance;Employees working very long hours;;21.5;;A;;PC;Percentage;0;Units;;
Australia;Work-Life Balance;Employees working very long hours;;6.1;;A;;PC;Percentage;0;Units;;
Denmark;Work-Life Balance;Employees working very long hours;;0.1;;A;;PC;Percentage;0;Units;;
Mexico;Work-Life Balance;Employees working very long hours;;17.4;;A;;PC;Percentage;0;Units;;
Poland;Work-Life Balance;Employees working very long hours;;1.3;;A;;PC;Percentage;0;Units;;
Slovak Republic;Work-Life Balance;Employees working very long hours;;2.0;;A;;PC;Percentage;0;Units;;
Brazil;Work-Life Balance;Employees working very long hours;;3.6;;A;;PC;Percentage;0;Units;;
Colombia;Work-Life Balance;Employees working very long hours;;23.7;;A;;PC;Percentage;0;Units;;
Costa Rica;Work-Life Balance;Employees working very long hours;;22.0;;A;;PC;Percentage;0;Units;;
Canada;Jobs;Employment rate;;70.0;;A;;PC;Percentage;0;Units;;
Greece;Jobs;Employment rate;;56.0;;A;;PC;Percentage;0;Units;;
Mexico;Jobs;Employment rate;;59.0;;A;;PC;Percentage;0;Units;;
Netherlands;Jobs;Employment rate;;78.0;;A;;PC;Percentage;0;Units;;
New Zealand;Jobs;Employment rate;;77.0;;A;;PC;Percentage;0;Units;;
Norway;Jobs;Employment rate;;75.0;;A;;PC;Percentage;0;Units;;
Spain;Jobs;Employment rate;;62.0;;A;;PC;Percentage;0;Units;;
Switzerland;Jobs;Employment rate;;80.0;;A;;PC;Percentage;0;Units;;
Belgium;Jobs;Employment rate;;68.0;;A;;PC;Percentage;0;Units;;
Canada;Jobs;Employment rate;;73.0;;A;;PC;Percentage;0;Units;;
France;Jobs;Employment rate;;68.0;;A;;PC;Percentage;0;Units;;
Iceland;Jobs;Employment rate;;80.0;;A;;PC;Percentage;0;Units;;
Netherlands;Jobs;Employment rate;;82.0;;A;;PC;Percentage;0;Units;;
New Zealand;Jobs;Employment rate;;81.0;;A;;PC;Percentage;0;Units;;
Portugal;Jobs;Employment rate;;72.0;;A;;PC;Percentage;0;Units;;
Sweden;Jobs;Employment rate;;77.0;;A;;PC;Percentage;0;Units;;
Israel;Jobs;Employment rate;;69.0;;A;;PC;Percentage;0;Units;;
OECD - Total;Jobs;Employment rate;;74.0;;A;;PC;Percentage;0;Units;;
Denmark;Jobs;Employment rate;;71.0;;A;;PC;Percentage;0;Units;;
Greece;Jobs;Employment rate;;47.0;;A;;PC;Percentage;0;Units;;
Türkiye;Jobs;Employment rate;;30.0;;A;;PC;Percentage;0;Units;;
United Kingdom;Jobs;Employment rate;;72.0;;A;;PC;Percentage;0;Units;;
Estonia;Jobs;Employment rate;;72.0;;A;;PC;Percentage;0;Units;;
Israel;Jobs;Employment rate;;65.0;;A;;PC;Percentage;0;Units;;
Russia;Jobs;Employment rate;;65.0;;A;;PC;Percentage;0;Units;;
South Africa;Jobs;Employment rate;;33.0;;A;;PC;Percentage;0;Units;;
Hungary;Jobs;Employment rate;;70.0;;A;;PC;Percentage;0;Units;;
Colombia;Jobs;Employment rate;;71.0;;A;;PC;Percentage;0;Units;;
Lithuania;Jobs;Employment rate;;71.0;;A;;PC;Percentage;0;Units;;
Costa Rica;Jobs;Employment rate;;68.0;;A;;PC;Percentage;0;Units;;
Hungary;Safety;Feeling safe walking alone at night;;74.0;;A;;PC;Percentage;0;Units;;
Italy;Safety;Feeling safe walking alone at night;;73.0;;A;;PC;Percentage;0;Units;;
Netherlands;Safety;Feeling safe walking alone at night;;83.0;;A;;PC;Percentage;0;Units;;
Switzerland;Safety;Feeling safe walking alone at night;;86.0;;A;;PC;Percentage;0;Units;;
United Kingdom;Safety;Feeling safe walking alone at night;;78.0;;A;;PC;Percentage;0;Units;;
Chile;Safety;Feeling safe walking alone at night;;41.0;;A;;PC;Percentage;0;Units;;
South Africa;Safety;Feeling safe walking alone at night;;40.0;;A;;PC;Percentage;0;Units;;
Iceland;Safety;Feeling safe walking alone at night;;93.0;;A;;PC;Percentage;0;Units;;
Italy;Safety;Feeling safe walking alone at night;;79.0;;A;;PC;Percentage;0;Units;;
Korea;Safety;Feeling safe walking alone at night;;87.0;;A;;PC;Percentage;0;Units;;
Chile;Safety;Feeling safe walking alone at night;;53.0;;A;;PC;Percentage;0;Units;;
Estonia;Safety;Feeling safe walking alone at night;;90.0;;A;;PC;Percentage;0;Units;;
Slovenia;Safety;Feeling safe walking alone at night;;95.0;;A;;PC;Percentage;0;Units;;
Canada;Safety;Feeling safe walking alone at night;;67.0;;A;;PC;Percentage;0;Units;;
Finland;Safety;Feeling safe walking alone at night;;80.0;;A;;PC;Percentage;0;Units;;
Germany;Safety;Feeling safe walking alone at night;;69.0;;A;;PC;Percentage;0;Units;;
Ireland;Safety;Feeling safe walking alone at night;;67.0;;A;;PC;Percentage;0;Units;;
Norway;Safety;Feeling safe walking alone at night;;89.0;;A;;PC;Percentage;0;Units;;
Switzerland;Safety;Feeling safe walking alone at night;;81.0;;A;;PC;Percentage;0;Units;;
Chile;Safety;Feeling safe walking alone at night;;30.0;;A;;PC;Percentage;0;Units;;
Israel;Safety;Feeling safe walking alone at night;;77.0;;A;;PC;Percentage;0;Units;;
Costa Rica;Safety;Feeling safe walking alone at night;;47.0;;A;;PC;Percentage;0;Units;;
Greece;Safety;Homicide rate;;1.0;;A;;RATIO;Ratio;0;Units;;
Iceland;Safety;Homicide rate;;0.3;;A;;RATIO;Ratio;0;Units;;
Ireland;Safety;Homicide rate;;0.5;;A;;RATIO;Ratio;0;Units;;
Italy;Safety;Homicide rate;;0.5;;A;;RATIO;Ratio;0;Units;;
Sweden;Safety;Homicide rate;;1.1;;A;;RATIO;Ratio;0;Units;;
United States;Safety;Homicide rate;;6.0;;A;;RATIO;Ratio;0;Units;;
Germany;Safety;Homicide rate;;0.4;;A;;RATIO;Ratio;0;Units;;
Ireland;Safety;Homicide rate;;0.8;;A;;RATIO;Ratio;0;Units;;
Italy;Safety;Homicide rate;;0.7;;A;;RATIO;Ratio;0;Units;;
Korea;Safety;Homicide rate;;0.9;;A;;RATIO;Ratio;0;Units;;
Spain;Safety;Homicide rate;;0.9;;A;;RATIO;Ratio;0;Units;;
Israel;Safety;Homicide rate;;2.4;;A;;RATIO;Ratio;0;Units;;
Latvia;Safety;Homicide rate;;5.8;;A;;RATIO;Ratio;0;Units;;
South Africa;Safety;Homicide rate;;24.7;;A;;RATIO;Ratio;0;Units;;
Canada;Safety;Homicide rate;;0.7;;A;;RATIO;Ratio;0;Units;;
Ireland;Safety;Homicide rate;;0.1;;A;;RATIO;Ratio;0;Units;;
Italy;Safety;Homicide rate;;0.3;;A;;RATIO;Ratio;0;Units;;
Russia;Safety;Homicide rate;;2.2;;A;;RATIO;Ratio;0;Units;;
Slovenia;Safety;Homicide rate;;0.3;;A;;RATIO;Ratio;0;Units;;
OECD - Total;Safety;Homicide rate;;0.9;;A;;RATIO;Ratio;0;Units;;
Hungary;Safety;Homicide rate;;0.9;;A;;RATIO;Ratio;0;Units;;
Austria;Income;Household net adjusted disposable income;;37001.0;;A;;USD;US Dollar;0;Units;;
Canada;Income;Household net adjusted disposable income;;34421.0;;A;;USD;US Dollar;0;Units;;
Germany;Income;Household net adjusted disposable income;;38971.0;;A;;USD;US Dollar;0;Units;;
New Zealand;Income;Household net adjusted disposable income;;39024.0;;A;;USD;US Dollar;0;Units;;
Norway;Income;Household net adjusted disposable income;;39144.0;;A;;USD;US Dollar;0;Units;;
Sweden;Income;Household net adjusted disposable income;;33730.0;;A;;USD;US Dollar;0;Units;;
Switzerland;Income;Household net adjusted disposable income;;39697.0;;A;;USD;US Dollar;0;Units;;
United States;Income;Household net adjusted disposable income;;51147.0;;A;;USD;US Dollar;0;Units;;
Estonia;Income;Household net adjusted disposable income;;23784.0;;A;;USD;US Dollar;0;Units;;
Latvia;Income;Household net adjusted disposable income;;19783.0;;A;;USD;US Dollar;0;Units;;
Slovenia;Income;Household net adjusted disposable income;;25250.0;;A;;USD;US Dollar;0;Units;;
South Africa;Income;Household net adjusted disposable income;;9338.0;;A;;USD;US Dollar;0;Units;;
Germany;Income;Household net wealth;;304317.0;;A;;USD;US Dollar;0;Units;;
New Zealand;Income;Household net wealth;;514162.0;;A;;USD;US Dollar;0;Units;;
Portugal;Income;Household net wealth;;255303.0;;A;;USD;US Dollar;0;Units;;
Australia;Housing;Housing expenditure;;19.4;;A;;PC;Percentage;0;Units;;
Canada;Housing;Housing expenditure;;22.9;;A;;PC;Percentage;0;Units;;
Italy;Housing;Housing expenditure;;22.5;;A;;PC;Percentage;0;Units;;
Korea;Housing;Housing expenditure;;14.7;;A;;PC;Percentage;0;Units;;
Mexico;Housing;Housing expenditure;;17.8;;A;;PC;Percentage;0;Units;;
Spain;Housing;Housing expenditure;;21.7;;A;;PC;Percentage;0;Units;;
South Africa;Housing;Housing expenditure;;18.1;;A;;PC;Percentage;0;Units;;
Lithuania;Housing;Housing expenditure;;18.4;;A;;PC;Percentage;0;Units;;
Austria;Jobs;Labour market insecurity;;2.3;;A;;PC;Percentage;0;Units;;
Belgium;Jobs;Labour market insecurity;;2.4;;A;;PC;Percentage;0;Units;;
Czechia;Jobs;Labour market insecurity;;2.3;;A;;PC;Percentage;0;Units;;
Hungary;Jobs;Labour market insecurity;;3.8;;A;;PC;Percentage;0;Units;;
New Zealand;Jobs;Labour market insecurity;;4.5;;A;;PC;Percentage;0;Units;;
Norway;Jobs;Labour market insecurity;;2.8;;A;;PC;Percentage;0;Units;;
Australia;Jobs;Labour market insecurity;;3.1;;A;;PC;Percentage;0;Units;;
Greece;Health;Life expectancy;;81.7;;A;;YR;Years;0;Units;;
Japan;Health;Life expectancy;;84.4;;A;;YR;Years;0;Units;;
Luxembourg;Health;Life expectancy;;82.7;;A;;YR;Years;0;Units;;
Portugal;Health;Life expectancy;;81.8;;A;;YR;Years;0;Units;;
Switzerland;Health;Life expectancy;;84.0;;A;;YR;Years;0;Units;;
Estonia;Health;Life expectancy;;78.8;;A;;YR;Years;0;Units;;
Russia;Health;Life expectancy;;73.2;;A;;YR;Years;0;Units;;
OECD - Total;Health;Life expectancy;;81.0;;A;;YR;Years;0;Units;;
Czechia;Health;Life expectancy;;76.4;;A;;YR;Years;0;Units;;
Denmark;Health;Life expectancy;;79.5;;A;;YR;Years;0;Units;;
Hungary;Health;Life expectancy;;73.1;;A;;YR;Years;0;Units;;
Italy;Health;Life expectancy;;81.4;;A;;YR;Years;0;Units;;
Korea;Health;Life expectancy;;80.3;;A;;YR;Years;0;Units;;
Portugal;Health;Life expectancy;;78.7;;A;;YR;Years;0;Units;;
Sweden;Health;Life expectancy;;81.5;;A;;YR;Years;0;Units;;
OECD - Total;Health;Life expectancy;;78.3;;A;;YR;Years;0;Units;;
Australia;Health;Life expectancy;;85.0;;A;;YR;Years;0;Units;;
Denmark;Health;Life expectancy;;83.5;;A;;YR;Years;0;Units;;
Germany;Health;Life expectancy;;83.7;;A;;YR;Years;0;Units;;
Greece;Health;Life expectancy;;84.2;;A;;YR;Years;0;Units;;
Japan;Health;Life expectancy;;87.5;;A;;YR;Years;0;Units;;
New Zealand;Health;Life expectancy;;83.9;;A;;YR;Years;0;Units;;
Poland;Health;Life expectancy;;81.9;;A;;YR;Years;0;Units;;
Switzerland;Health;Life expectancy;;85.8;;A;;YR;Years;0;Units;;
United States;Health;Life expectancy;;81.4;;A;;YR;Years;0;Units;;
Latvia;Health;Life expectancy;;80.1;;A;;YR;Years;0;Units;;
Lithuania;Health;Life expectancy;;76.4;;A;;YR;Years;0;Units;;
Lithuania;Health;Life expectancy;;71.6;;A;;YR;Years;0;Units;;
Greece;Life Satisfaction;Life satisfaction;;5.8;;A;;AVSCORE;Average score;0;Units;;
Spain;Life Satisfaction;Life satisfaction;;6.5;;A;;AVSCORE;Average score;0;Units;;
Russia;Life Satisfaction;Life satisfaction;;5.5;;A;;AVSCORE;Average score;0;Units;;
Greece;Life Satisfaction;Life satisfaction;;6.0;;A;;AVSCORE;Average score;0;Units;;
Hungary;Life Satisfaction;Life satisfaction;;6.3;;A;;AVSCORE;Average score;0;Units;;
Italy;Life Satisfaction;Life satisfaction;;6.4;;A;;AVSCORE;Average score;0;Units;;
Estonia;Life Satisfaction;Life satisfaction;;6.3;;A;;AVSCORE;Average score;0;Units;;
Hungary;Life Satisfaction;Life satisfaction;;5.8;;A;;AVSCORE;Average score;0;Units;;
Slovak Republic;Life Satisfaction;Life satisfaction;;6.6;;A;;AVSCORE;Average score;0;Units;;
United Kingdom;Life Satisfaction;Life satisfaction;;6.9;;A;;AVSCORE;Average score;0;Units;;
Brazil;Life Satisfaction;Life satisfaction;;6.0;;A;;AVSCORE;Average score;0;Units;;
Latvia;Life Satisfaction;Life satisfaction;;6.2;;A;;AVSCORE;Average score;0;Units;;
Russia;Life Satisfaction;Life satisfaction;;5.6;;A;;AVSCORE;Average score;0;Units;;
France;Life Satisfaction;Life satisfaction;;7.0;;A;;AVSCORE;Average score;0;Units;;
Norway;Life Satisfaction;Life satisfaction;;7.4;;A;;AVSCORE;Average score;0;Units;;
Portugal;Life Satisfaction;Life satisfaction;;6.7;;A;;AVSCORE;Average score;0;Units;;
Türkiye;Life Satisfaction;Life satisfaction;;5.8;;A;;AVSCORE;Average score;0;Units;;
United Kingdom;Life Satisfaction;Life satisfaction;;7.2;;A;;AVSCORE;Average score;0;Units;;
South Africa;Life Satisfaction;Life satisfaction;;5.6;;A;;AVSCORE;Average score;0;Units;;
Austria;Life Satisfaction;Life satisfaction;;7.2;;A;;AVSCORE;Average score;0;Units;;
Canada;Life Satisfaction;Life satisfaction;;6.9;;A;;AVSCORE;Average score;0;Units;;
Czechia;Life Satisfaction;Life satisfaction;;6.9;;A;;AVSCORE;Average score;0;Units;;
Italy;Life Satisfaction;Life satisfaction;;6.7;;A;;AVSCORE;Average score;0;Units;;
Norway;Life Satisfaction;Life satisfaction;;7.2;;A;;AVSCORE;Average score;0;Units;;
Slovak Republic;Life Satisfaction;Life satisfaction;;6.4;;A;;AVSCORE;Average score;0;Units;;
Chile;Life Satisfaction;Life satisfaction;;6.1;;A;;AVSCORE;Average score;0;Units;;
Russia;Life Satisfaction;Life satisfaction;;5.3;;A;;AVSCORE;Average score;0;Units;;
Luxembourg;Life Satisfaction;Life satisfaction;;7.4;;A;;AVSCORE;Average score;0;Units;;
Ireland;Life Satisfaction;Life satisfaction;;7.3;;A;;AVSCORE;Average score;0;Units;;
Colombia;Life Satisfaction;Life satisfaction;;7.1;;A;;AVSCORE;Average score;0;Units;;
Costa Rica;Life Satisfaction;Life satisfaction;;6.2;;A;;AVSCORE;Average score;0;Units;;
Austria;Jobs;Long-term unemployment rate;;1.3;;A;;PC;Percentage;0;Units;;
Germany;Jobs;Long-term unemployment rate;;1.2;;A;;PC;Percentage;0;Units;;
Japan;Jobs;Long-term unemployment rate;;0.8;;A;;PC;Percentage;0;Units;;
Ireland;Jobs;Long-term unemployment rate;;1.3;;A;;PC;Percentage;0;Units;;
Norway;Jobs;Long-term unemployment rate;;1.0;;A;;PC;Percentage;0;Units;;
Spain;Jobs;Long-term unemployment rate;;4.1;;A;;PC;Percentage;0;Units;;
Switzerland;Jobs;Long-term unemployment rate;;1.6;;A;;PC;Percentage;0;Units;;
OECD - Total;Jobs;Long-term unemployment rate;;1.3;;A;;PC;Percentage;0;Units;;
Austria;Jobs;Long-term unemployment rate;;1.2;;A;;PC;Percentage;0;Units;;
Belgium;Jobs;Long-term unemployment rate;;2.1;;A;;PC;Percentage;0;Units;;
France;Jobs;Long-term unemployment rate;;2.9;;A;;PC;Percentage;0;Units;;
Ireland;Jobs;Long-term unemployment rate;;1.0;;A;;PC;Percentage;0;Units;;
Sweden;Jobs;Long-term unemployment rate;;1.0;;A;;PC;Percentage;0;Units;;
Slovenia;Jobs;Long-term unemployment rate;;2.4;;A;;PC;Percentage;0;Units;;
OECD - Total;Jobs;Long-term unemployment rate;;1.4;;A;;PC;Percentage;0;Units;;
Colombia;Jobs;Long-term unemployment rate;;1.1;;A;;PC;Percentage;0;Units;;
Lithuania;Jobs;Long-term unemployment rate;;2.5;;A;;PC;Percentage;0;Units;;
Costa Rica;Jobs;Long-term unemployment rate;;2.6;;A;;PC;Percentage;0;Units;;
Netherlands;Jobs;Personal earnings;;58828.0;;A;;USD;US Dollar;0;Units;;
Poland;Jobs;Personal earnings;;32527.0;;A;;USD;US Dollar;0;Units;;
Portugal;Jobs;Personal earnings;;28410.0;;A;;USD;US Dollar;0;Units;;
Sweden;Jobs;Personal earnings;;47020.0;;A;;USD;US Dollar;0;Units;;
United States;Jobs;Personal earnings;;69392.0;;A;;USD;US Dollar;0;Units;;
Chile;Jobs;Personal earnings;;26729.0;;A;;USD;US Dollar;0;Units;;
OECD - Total;Jobs;Personal earnings;;49165.0;;A;;USD;US Dollar;0;Units;;
Czechia;Jobs;Personal earnings;;29885.0;;A;;USD;US Dollar;0;Units;;
Belgium;Community;Quality of support network;;90.0;;A;;PC;Percentage;0;Units;;
Hungary;Community;Quality of support network;;94.0;;A;;PC;Percentage;0;Units;;
Japan;Community;Quality of support network;;89.0;;A;;PC;Percentage;0;Units;;
Poland;Community;Quality of support network;;94.0;;A;;PC;Percentage;0;Units;;
Belgium;Community;Quality of support network;;92.0;;A;;PC;Percentage;0;Units;;
Finland;Community;Quality of support network;;94.0;;A;;PC;Percentage;0;Units;;
Japan;Community;Quality of support network;;84.0;;A;;PC;Percentage;0;Units;;
Slovak Republic;Community;Quality of support network;;94.0;;A;;PC;Percentage;0;Units;;
Switzerland;Community;Quality of support network;;93.0;;A;;PC;Percentage;0;Units;;
Russia;Community;Quality of support network;;88.0;;A;;PC;Percentage;0;Units;;
Austria;Community;Quality of support network;;93.0;;A;;PC;Percentage;0;Units;;
Mexico;Community;Quality of support network;;76.0;;A;;PC;Percentage;0;Units;;
Norway;Community;Quality of support network;;96.0;;A;;PC;Percentage;0;Units;;
Portugal;Community;Quality of support network;;86.0;;A;;PC;Percentage;0;Units;;
Estonia;Community;Quality of support network;;97.0;;A;;PC;Percentage;0;Units;;
Luxembourg;Community;Quality of support network;;92.0;;A;;PC;Percentage;0;Units;;
Netherlands;Community;Quality of support network;;97.0;;A;;PC;Percentage;0;Units;;
Slovak Republic;Community;Quality of support network;;97.0;;A;;PC;Percentage;0;Units;;
Chile;Community;Quality of support network;;94.0;;A;;PC;Percentage;0;Units;;
OECD - Total;Community;Quality of support network;;94.0;;A;;PC;Percentage;0;Units;;
Canada;Community;Quality of support network;;93.0;;A;;PC;Percentage;0;Units;;
Denmark;Community;Quality of support network;;95.0;;A;;PC;Percentage;0;Units;;
France;Community;Quality of support network;;95.0;;A;;PC;Percentage;0;Units;;
Ireland;Community;Quality of support network;;97.0;;A;;PC;Percentage;0;Units;;
Spain;Community;Quality of support network;;93.0;;A;;PC;Percentage;0;Units;;
Türkiye;Community;Quality of support network;;84.0;;A;;PC;Percentage;0;Units;;
Brazil;Community;Quality of support network;;86.0;;A;;PC;Percentage;0;Units;;
Latvia;Community;Quality of support network;;91.0;;A;;PC;Percentage;0;Units;;
Russia;Community;Quality of support network;;89.0;;A;;PC;Percentage;0;Units;;
Costa Rica;Community;Quality of support network;;82.0;;A;;PC;Percentage;0;Units;;
Austria;Housing;Rooms per person;;1.6;;A;;RATIO;Ratio;0;Units;;
Belgium;Housing;Rooms per person;;2.1;;A;;RATIO;Ratio;0;Units;;
Czechia;Housing;Rooms per person;;1.5;;A;;RATIO;Ratio;0;Units;;
Finland;Housing;Rooms per person;;1.9;;A;;RATIO;Ratio;0;Units;;
Hungary;Housing;Rooms per person;;1.4;;A;;RATIO;Ratio;0;Units;;
Italy;Housing;Rooms per person;;1.4;;A;;RATIO;Ratio;0;Units;;
New Zealand;Housing;Rooms per person;;2.4;;A;;RATIO;Ratio;0;Units;;
United Kingdom;Housing;Rooms per person;;2.0;;A;;RATIO;Ratio;0;Units;;
Colombia;Housing;Rooms per person;;1.0;;A;;RATIO;Ratio;0;Units;;
France;Health;Self-reported health;;67.0;;A;;PC;Percentage;0;Units;;
Korea;Health;Self-reported health;;34.0;;A;;PC;Percentage;0;Units;;
Luxembourg;Health;Self-reported health;;72.0;;A;;PC;Percentage;0;Units;;
Poland;Health;Self-reported health;;60.0;;A;;PC;Percentage;0;Units;;
Sweden;Health;Self-reported health;;76.0;;A;;PC;Percentage;0;Units;;
Switzerland;Health;Self-reported health;;81.0;;A;;PC;Percentage;0;Units;;
Estonia;Health;Self-reported health;;57.0;;A;;PC;Percentage;0;Units;;
Latvia;Health;Self-reported health;;47.0;;A;;PC;Percentage;0;Units;;
Australia;Health;Self-reported health;;85.0;;A;;PC;Percentage;0;Units;;
Hungary;Health;Self-reported health;;62.0;;A;;PC;Percentage;0;Units;;
Iceland;Health;Self-reported health;;81.0;;A;;PC;Percentage;0;Units;;
Netherlands;Health;Self-reported health;;77.0;;A;;PC;Percentage;0;Units;;
Norway;Health;Self-reported health;;76.0;;A;;PC;Percentage;0;Units;;
Poland;Health;Self-reported health;;63.0;;A;;PC;Percentage;0;Units;;
Portugal;Health;Self-reported health;;55.0;;A;;PC;Percentage;0;Units;;
Switzerland;Health;Self-reported health;;83.0;;A;;PC;Percentage;0;Units;;
United Kingdom;Health;Self-reported health;;74.0;;A;;PC;Percentage;0;Units;;
United States;Health;Self-reported health;;88.0;;A;;PC;Percentage;0;Units;;
Australia;Health;Self-reported health;;86.0;;A;;PC;Percentage;0;Units;;
Czechia;Health;Self-reported health;;61.0;;A;;PC;Percentage;0;Units;;
Ireland;Health;Self-reported health;;84.0;;A;;PC;Percentage;0;Units;;
Mexico;Health;Self-reported health;;64.0;;A;;PC;Percentage;0;Units;;
Spain;Health;Self-reported health;;73.0;;A;;PC;Percentage;0;Units;;
United Kingdom;Health;Self-reported health;;72.0;;A;;PC;Percentage;0;Units;;
Estonia;Health;Self-reported health;;54.0;;A;;PC;Percentage;0;Units;;
Czechia;Health;Self-reported health;;84.0;;A;;PC;Percentage;0;Units;;
Finland;Health;Self-reported health;;82.0;;A;;PC;Percentage;0;Units;;
France;Health;Self-reported health;;72.0;;A;;PC;Percentage;0;Units;;
New Zealand;Health;Self-reported health;;92.0;;A;;PC;Percentage;0;Units;;
Spain;Health;Self-reported health;;84.0;;A;;PC;Percentage;0;Units;;
United Kingdom;Health;Self-reported health;;84.0;;A;;PC;Percentage;0;Units;;
Chile;Health;Self-reported health;;72.0;;A;;PC;Percentage;0;Units;;
Canada;Health;Self-reported health;;81.0;;A;;PC;Percentage;0;Units;;
Japan;Health;Self-reported health;;29.0;;A;;PC;Percentage;0;Units;;
Slovak Republic;Health;Self-reported health;;57.0;;A;;PC;Percentage;0;Units;;
Türkiye;Health;Self-reported health;;64.0;;A;;PC;Percentage;0;Units;;
Slovenia;Health;Self-reported health;;49.0;;A;;PC;Percentage;0;Units;;
Lithuania;Health;Self-reported health;;26.0;;A;;PC;Percentage;0;Units;;
Costa Rica;Health;Self-reported health;;70.0;;A;;PC;Percentage;0;Units;;
Czechia;Civic Engagement;Stakeholder engagement for developing regulations;;1.6;;A;;AVSCORE;Average score;0;Units;;
Ireland;Civic Engagement;Stakeholder engagement for developing regulations;;1.3;;A;;AVSCORE;Average score;0;Units;;
Japan;Civic Engagement;Stakeholder engagement for developing regulations;;1.4;;A;;AVSCORE;Average score;0;Units;;
Luxembourg;Civic Engagement;Stakeholder engagement for developing regulations;;1.7;;A;;AVSCORE;Average score;0;Units;;
Türkiye;Civic Engagement;Stakeholder engagement for developing regulations;;1.5;;A;;AVSCORE;Average score;0;Units;;
United States;Civic Engagement;Stakeholder engagement for developing regulations;;3.1;;A;;AVSCORE;Average score;0;Units;;
Lithuania;Civic Engagement;Stakeholder engagement for developing regulations;;2.4;;A;;AVSCORE;Average score;0;Units;;
Australia;Education;Student skills;;499.0;;A;;AVSCORE;Average score;0;Units;;
Austria;Education;Student skills;;491.0;;A;;AVSCORE;Average score;0;Units;;
Czechia;Education;Student skills;;495.0;;A;;AVSCORE;Average score;0;Units;;
Finland;Education;Student skills;;516.0;;A;;AVSCORE;Average score;0;Units;;
Luxembourg;Education;Student skills;;477.0;;A;;AVSCORE;Average score;0;Units;;
New Zealand;Education;Student skills;;503.0;;A;;AVSCORE;Average score;0;Units;;
Germany;Education;Student skills;;497.0;;A;;AVSCORE;Average score;0;Units;;
Luxembourg;Education;Student skills;;472.0;;A;;AVSCORE;Average score;0;Units;;
New Zealand;Education;Student skills;;500.0;;A;;AVSCORE;Average score;0;Units;;
Chile;Education;Student skills;;436.0;;A;;AVSCORE;Average score;0;Units;;
France;Education;Student skills;;497.0;;A;;AVSCORE;Average score;0;Units;;
Italy;Education;Student skills;;478.0;;A;;AVSCORE;Average score;0;Units;;
Mexico;Education;Student skills;;415.0;;A;;AVSCORE;Average score;0;Units;;
New Zealand;Education;Student skills;;506.0;;A;;AVSCORE;Average score;0;Units;;
Norway;Education;Student skills;;508.0;;A;;AVSCORE;Average score;0;Units;;
Sweden;Education;Student skills;;510.0;;A;;AVSCORE;Average score;0;Units;;
Israel;Education;Student skills;;477.0;;A;;AVSCORE;Average score;0;Units;;
Denmark;Education;Student skills;;540.0;;A;;AVSCORE;Average score;0;Units;;
Finland;Education;Student skills;;562.0;;A;;AVSCORE;Average score;0;Units;;
Korea;Education;Student skills;;552.0;;A;;AVSCORE;Average score;0;Units;;
Mexico;Education;Student skills;;464.0;;A;;AVSCORE;Average score;0;Units;;
Netherlands;Education;Student skills;;536.0;;A;;AVSCORE;Average score;0;Units;;
Norway;Education;Student skills;;532.0;;A;;AVSCORE;Average score;0;Units;;
Poland;Education;Student skills;;560.0;;A;;AVSCORE;Average score;0;Units;;
Portugal;Education;Student skills;;543.0;;A;;AVSCORE;Average score;0;Units;;
Türkiye;Education;Student skills;;513.0;;A;;AVSCORE;Average score;0;Units;;
United States;Education;Student skills;;558.0;;A;;AVSCORE;Average score;0;Units;;
Slovenia;Education;Student skills;;541.0;;A;;AVSCORE;Average score;0;Units;;
Australia;Education;Student skills;;460.0;;A;;AVSCORE;Average score;0;Units;;
Netherlands;Education;Student skills;;448.0;;A;;AVSCORE;Average score;0;Units;;
Portugal;Education;Student skills;;448.0;;A;;AVSCORE;Average score;0;Units;;
Sweden;Education;Student skills;;460.0;;A;;AVSCORE;Average score;0;Units;;
Estonia;Education;Student skills;;497.0;;A;;AVSCORE;Average score;0;Units;;
Slovenia;Education;Student skills;;462.0;;A;;AVSCORE;Average score;0;Units;;
Lithuania;Education;Student skills;;472.0;;A;;AVSCORE;Average score;0;Units;;
Colombia;Education;Student skills;;373.0;;A;;AVSCORE;Average score;0;Units;;
Costa Rica;Education;Student skills;;415.0;;A;;AVSCORE;Average score;0;Units;;
Finland;Work-Life Balance;Time devoted to leisure and personal care;;15.17;;A;;HOUR;Hours;0;Units;;
Norway;Work-Life Balance;Time devoted to leisure and personal care;;15.67;;A;;HOUR;Hours;0;Units;;
Poland;Work-Life Balance;Time devoted to leisure and personal care;;14.68;;A;;HOUR;Hours;0;Units;;
Greece;Work-Life Balance;Time devoted to leisure and personal care;;15.4;;A;;HOUR;Hours;0;Units;;
Ireland;Work-Life Balance;Time devoted to leisure and personal care;;14.6;;A;;HOUR;Hours;0;Units;;
Netherlands;Work-Life Balance;Time devoted to leisure and personal care;;15.4;;A;;HOUR;Hours;0;Units;;
Spain;Work-Life Balance;Time devoted to leisure and personal care;;16.1;;A;;HOUR;Hours;0;Units;;
OECD - Total;Work-Life Balance;Time devoted to leisure and personal care;;15.2;;A;;HOUR;Hours;0;Units;;
Canada;Work-Life Balance;Time devoted to leisure and personal care;;14.47;;A;;HOUR;Hours;0;Units;;
Greece;Work-Life Balance;Time devoted to leisure and personal care;;14.78;;A;;HOUR;Hours;0;Units;;
Japan;Work-Life Balance;Time devoted to leisure and personal care;;14.0;;A;;HOUR;Hours;0;Units;;
Norway;Work-Life Balance;Time devoted to leisure and personal care;;16.39;;A;;HOUR;Hours;0;Units;;
United States;Work-Life Balance;Time devoted to leisure and personal care;;14.29;;A;;HOUR;Hours;0;Units;;
Estonia;Work-Life Balance;Time devoted to leisure and personal care;;14.55;;A;;HOUR;Hours;0;Units;;
Australia;Civic Engagement;Voter turnout;;92.0;;A;;PC;Percentage;0;Units;;
Czechia;Civic Engagement;Voter turnout;;62.0;;A;;PC;Percentage;0;Units;;
Hungary;Civic Engagement;Voter turnout;;70.0;;A;;PC;Percentage;0;Units;;
Iceland;Civic Engagement;Voter turnout;;81.0;;A;;PC;Percentage;0;Units;;
Mexico;Civic Engagement;Voter turnout;;63.0;;A;;PC;Percentage;0;Units;;
Poland;Civic Engagement;Voter turnout;;68.0;;A;;PC;Percentage;0;Units;;
Switzerland;Civic Engagement;Voter turnout;;45.0;;A;;PC;Percentage;0;Units;;
Brazil;Civic Engagement;Voter turnout;;80.0;;A;;PC;Percentage;0;Units;;
Belgium;Enviroment;Water quality;;79.0;;A;;PC;Percentage;0;Units;;
Hungary;Enviroment;Water quality;;81.0;;A;;PC;Percentage;0;Units;;
United Kingdom;Enviroment;Water quality;;82.0;;A;;PC;Percentage;0;Units;;
Czechia;Enviroment;Water quality;;93.0;;A;;PC;Percentage;0;Units;;
Denmark;Enviroment;Water quality;;93.0;;A;;PC;Percentage;0;Units;;
France;Enviroment;Water quality;;78.0;;A;;PC;Percentage;0;Units;;
Germany;Enviroment;Water quality;;90.0;;A;;PC;Percentage;0;Units;;
Portugal;Enviroment;Water quality;;91.0;;A;;PC;Percentage;0;Units;;
Switzerland;Enviroment;Water quality;;96.0;;A;;PC;Percentage;0;Units;;
United States;Enviroment;Water quality;;90.0;;A;;PC;Percentage;0;Units;;
Brazil;Enviroment;Water quality;;70.0;;A;;PC;Percentage;0;Units;;
Chile;Enviroment;Water quality;;64.0;;A;;PC;Percentage;0;Units;;
South Africa;Enviroment;Water quality;;71.0;;A;;PC;Percentage;0;Units;;
France;Enviroment;Water quality;;79.0;;A;;PC;Percentage;0;Units;;
Greece;Enviroment;Water quality;;66.0;;A;;PC;Percentage;0;Units;;
Iceland;Enviroment;Water quality;;96.0;;A;;PC;Percentage;0;Units;;
Japan;Enviroment;Water quality;;85.0;;A;;PC;Percentage;0;Units;;
Mexico;Enviroment;Water quality;;72.0;;A;;PC;Percentage;0;Units;;
Switzerland;Enviroment;Water quality;;95.0;;A;;PC;Percentage;0;Units;;
United Kingdom;Enviroment;Water quality;;84.0;;A;;PC;Percentage;0;Units;;
Estonia;Enviroment;Water quality;;86.0;;A;;PC;Percentage;0;Units;;
Costa Rica;Enviroment;Water quality;;85.0;;A;;PC;Percentage;0;Units;;
France;Education;Years in education;;16.0;;A;;YR;Years;0;Units;;
Slovak Republic;Education;Years in education;;15.0;;A;;YR;Years;0;Units;;
Sweden;Education;Years in education;;19.0;;A;;YR;Years;0;Units;;
Switzerland;Education;Years in education;;18.0;;A;;YR;Years;0;Units;;
Türkiye;Education;Years in education;;19.0;;A;;YR;Years;0;Units;;
Israel;Education;Years in education;;15.0;;A;;YR;Years;0;Units;;
Slovenia;Education;Years in education;;18.0;;A;;YR;Years;0;Units;;
Austria;Education;Years in education;;17.0;;A;;YR;Years;0;Units;;
France;Education;Years in education;;17.0;;A;;YR;Years;0;Units;;
Germany;Education;Years in education;;18.0;;A;;YR;Years;0;Units;;
Italy;Education;Years in education;;17.0;;A;;YR;Years;0;Units;;
Netherlands;Education;Years in education;;19.0;;A;;YR;Years;0;Units;;
Portugal;Education;Years in education;;17.0;;A;;YR;Years;0;Units;;
Slovak Republic;Education;Years in education;;16.0;;A;;YR;Years;0;Units;;
Slovenia;Education;Years in education;;19.0;;A;;YR;Years;0;Units;;
OECD - Total;Education;Years in education;;18.0;;A;;YR;Years;0;Units;;
Colombia;Education;Years in education;;14.0;;A;;YR;Years;0;Units;;
